Day,Hour,Duration,Set_Order,Exercise_Name,Weight,Reps,RPE,Seconds,Notes
2022-08-09,22:46:40,1h 8m,1,Shoulder Press (Plate Loaded),40.0,12,,0,
2022-08-09,22:46:40,1h 8m,2,Shoulder Press (Plate Loaded),40.0,10,,0,
2022-08-09,22:46:40,1h 8m,3,Shoulder Press (Plate Loaded),50.0,8,,0,
2022-08-09,22:46:40,1h 8m,4,Shoulder Press (Plate Loaded),50.0,8,,0,
2022-08-09,22:46:40,1h 8m,1,Lateral Raise (Machine),7.5,12,,0,
2022-08-09,22:46:40,1h 8m,2,Lateral Raise (Machine),7.5,12,,0,
2022-08-09,22:46:40,1h 8m,3,Lateral Raise (Machine),7.5,12,,0,
2022-08-09,22:46:40,1h 8m,1,Reverse Fly (Dumbbell),2.5,10,,0,
2022-08-09,22:46:40,1h 8m,2,Reverse Fly (Dumbbell),2.5,10,,0,
2022-08-09,22:46:40,1h 8m,3,Reverse Fly (Dumbbell),2.5,10,,0,
2022-08-09,22:46:40,1h 8m,1,Squat (Barbell),60.0,15,,0,
2022-08-09,22:46:40,1h 8m,2,Squat (Barbell),60.0,12,,0,
2022-08-09,22:46:40,1h 8m,3,Squat (Barbell),60.0,12,,0,
2022-08-09,22:46:40,1h 8m,4,Squat (Barbell),60.0,10,,0,
2022-08-09,22:46:40,1h 8m,1,Leg Extension (Machine),77.0,12,,0,
2022-08-09,22:46:40,1h 8m,2,Leg Extension (Machine),77.0,12,,0,
2022-08-09,22:46:40,1h 8m,3,Leg Extension (Machine),84.0,10,,0,
2022-08-09,22:46:40,1h 8m,1,Lying Leg Curl (Machine),43.0,12,,0,
2022-08-09,22:46:40,1h 8m,2,Lying Leg Curl (Machine),50.0,12,,0,
2022-08-09,22:46:40,1h 8m,3,Lying Leg Curl (Machine),50.0,10,,0,
2022-08-09,22:46:40,1h 8m,1,Plank,0,0,,60,
2022-08-09,22:46:40,1h 8m,2,Plank,0,0,,60,
2022-08-09,22:46:40,1h 8m,3,Plank,0,0,,60,
2022-08-09,22:46:40,1h 8m,1,Side Plank,0,0,,60,
2022-08-09,22:46:40,1h 8m,2,Side Plank,0,0,,60,
2022-08-09,22:46:40,1h 8m,3,Side Plank,0,0,,60,
2022-08-11,19:00:55,56m,1,Pullover (Dumbbell),15.0,12,,0,
2022-08-11,19:00:55,56m,2,Pullover (Dumbbell),15.0,12,,0,
2022-08-11,19:00:55,56m,3,Pullover (Dumbbell),15.0,12,,0,
2022-08-11,19:00:55,56m,1,Chest Fly (Dumbbell),10.0,12,,0,
2022-08-11,19:00:55,56m,2,Chest Fly (Dumbbell),10.0,12,,0,
2022-08-11,19:00:55,56m,3,Chest Fly (Dumbbell),10.0,12,,0,
2022-08-11,19:00:55,56m,1,Chest Press (Machine),20.0,15,9.5,0,
2022-08-11,19:00:55,56m,2,Chest Press (Machine),25.0,12,9.5,0,
2022-08-11,19:00:55,56m,3,Chest Press (Machine),25.0,12,10,0,
2022-08-11,19:00:55,56m,1,Lat Pulldown (Cable),45.0,10,8,0,
2022-08-11,19:00:55,56m,2,Lat Pulldown (Cable),45.0,10,9.5,0,
2022-08-11,19:00:55,56m,3,Lat Pulldown (Cable),45.0,8,10,0,
2022-08-11,19:00:55,56m,1,Reverse Grip Lat Pulldown,32.0,10,,0,
2022-08-11,19:00:55,56m,2,Reverse Grip Lat Pulldown,32.0,8,10,0,
2022-08-11,19:00:55,56m,3,Reverse Grip Lat Pulldown,32.0,8,10,0,
2022-08-11,19:00:55,56m,1,Bent Over Row (Barbell),30.0,10,,0,
2022-08-11,19:00:55,56m,2,Bent Over Row (Barbell),30.0,10,,0,
2022-08-11,19:00:55,56m,3,Bent Over Row (Barbell),30.0,10,,0,
2022-08-11,19:00:55,56m,1,Incline Curl (Dumbbell),10.0,6,10,0,
2022-08-11,19:00:55,56m,2,Incline Curl (Dumbbell),5.0,12,10,0,
2022-08-11,19:00:55,56m,3,Incline Curl (Dumbbell),5.0,12,9.5,0,
2022-08-11,19:00:55,56m,1,Hammer Curl (Dumbbell),10.0,10,10,0,
2022-08-11,19:00:55,56m,2,Hammer Curl (Dumbbell),10.0,10,10,0,
2022-08-11,19:00:55,56m,3,Hammer Curl (Dumbbell),10.0,10,,0,
2022-08-11,19:00:55,56m,1,V Crunch,0,15,,0,
2022-08-11,19:00:55,56m,2,V Crunch,0,15,,0,
2022-08-11,19:00:55,56m,3,V Crunch,0,15,,0,
2022-08-11,19:00:55,56m,1,Russian Twist,0,15,,0,
2022-08-11,19:00:55,56m,2,Russian Twist,0,15,,0,
2022-08-11,19:00:55,56m,3,Russian Twist,0,15,,0,
2022-08-12,17:02:25,1h 1m,1,Shoulder Press (Plate Loaded),50.0,12,,0,
2022-08-12,17:02:25,1h 1m,2,Shoulder Press (Plate Loaded),50.0,10,,0,
2022-08-12,17:02:25,1h 1m,3,Shoulder Press (Plate Loaded),50.0,8,,0,
2022-08-12,17:02:25,1h 1m,4,Shoulder Press (Plate Loaded),50.0,8,,0,
2022-08-12,17:02:25,1h 1m,1,Lateral Raise (Machine),7.5,12,,0,
2022-08-12,17:02:25,1h 1m,2,Lateral Raise (Machine),7.5,12,,0,
2022-08-12,17:02:25,1h 1m,3,Lateral Raise (Machine),7.5,12,,0,
2022-08-12,17:02:25,1h 1m,1,Reverse Fly (Dumbbell),2.5,10,,0,
2022-08-12,17:02:25,1h 1m,2,Reverse Fly (Dumbbell),5.0,10,,0,
2022-08-12,17:02:25,1h 1m,3,Reverse Fly (Dumbbell),5.0,10,,0,
2022-08-12,17:02:25,1h 1m,1,Squat (Barbell),60.0,15,,0,
2022-08-12,17:02:25,1h 1m,2,Squat (Barbell),60.0,12,,0,
2022-08-12,17:02:25,1h 1m,3,Squat (Barbell),60.0,12,,0,
2022-08-12,17:02:25,1h 1m,4,Squat (Barbell),60.0,10,,0,
2022-08-12,17:02:25,1h 1m,1,Leg Extension (Machine),77.0,12,,0,
2022-08-12,17:02:25,1h 1m,2,Leg Extension (Machine),77.0,12,,0,
2022-08-12,17:02:25,1h 1m,3,Leg Extension (Machine),84.0,10,,0,
2022-08-12,17:02:25,1h 1m,1,Lying Leg Curl (Machine),43.0,12,,0,
2022-08-12,17:02:25,1h 1m,2,Lying Leg Curl (Machine),43.0,12,,0,
2022-08-12,17:02:25,1h 1m,3,Lying Leg Curl (Machine),50.0,10,,0,
2022-08-12,17:02:25,1h 1m,1,Plank,0,0,,60,
2022-08-12,17:02:25,1h 1m,2,Plank,0,0,,60,
2022-08-12,17:02:25,1h 1m,3,Plank,0,0,,60,
2022-08-12,17:02:25,1h 1m,1,Side Plank,0,0,,60,
2022-08-12,17:02:25,1h 1m,2,Side Plank,0,0,,60,
2022-08-12,17:02:25,1h 1m,3,Side Plank,0,0,,60,
2022-08-15,21:20:01,1h 15m,1,Pullover (Dumbbell),17.5,12,,0,
2022-08-15,21:20:01,1h 15m,2,Pullover (Dumbbell),17.5,12,,0,
2022-08-15,21:20:01,1h 15m,3,Pullover (Dumbbell),17.5,12,,0,
2022-08-15,21:20:01,1h 15m,1,Chest Fly (Dumbbell),12.5,12,,0,
2022-08-15,21:20:01,1h 15m,2,Chest Fly (Dumbbell),12.5,12,,0,
2022-08-15,21:20:01,1h 15m,3,Chest Fly (Dumbbell),12.5,10,,0,
2022-08-15,21:20:01,1h 15m,1,Chest Press (Machine),20.0,15,9.5,0,
2022-08-15,21:20:01,1h 15m,2,Chest Press (Machine),25.0,12,9.5,0,
2022-08-15,21:20:01,1h 15m,3,Chest Press (Machine),25.0,12,10,0,
2022-08-15,21:20:01,1h 15m,1,Lat Pulldown (Cable),45.0,10,9.5,0,
2022-08-15,21:20:01,1h 15m,2,Lat Pulldown (Cable),45.0,10,9.5,0,
2022-08-15,21:20:01,1h 15m,3,Lat Pulldown (Cable),45.0,8,10,0,
2022-08-15,21:20:01,1h 15m,1,Reverse Grip Lat Pulldown,32.0,10,10,0,
2022-08-15,21:20:01,1h 15m,2,Reverse Grip Lat Pulldown,32.0,8,10,0,
2022-08-15,21:20:01,1h 15m,3,Reverse Grip Lat Pulldown,32.0,8,10,0,
2022-08-15,21:20:01,1h 15m,1,Bent Over Row (Barbell),30.0,10,,0,
2022-08-15,21:20:01,1h 15m,2,Bent Over Row (Barbell),35.0,10,,0,
2022-08-15,21:20:01,1h 15m,3,Bent Over Row (Barbell),30.0,10,,0,
2022-08-15,21:20:01,1h 15m,1,Incline Curl (Dumbbell),5.0,12,7,0,
2022-08-15,21:20:01,1h 15m,2,Incline Curl (Dumbbell),5.0,12,10,0,
2022-08-15,21:20:01,1h 15m,3,Incline Curl (Dumbbell),5.0,12,9.5,0,
2022-08-15,21:20:01,1h 15m,1,Hammer Curl (Dumbbell),10.0,10,9,0,
2022-08-15,21:20:01,1h 15m,2,Hammer Curl (Dumbbell),10.0,10,10,0,
2022-08-15,21:20:01,1h 15m,3,Hammer Curl (Dumbbell),10.0,10,,0,
2022-08-15,21:20:01,1h 15m,1,V Crunch,0,15,,0,
2022-08-15,21:20:01,1h 15m,2,V Crunch,0,15,,0,
2022-08-15,21:20:01,1h 15m,3,V Crunch,0,15,,0,
2022-08-15,21:20:01,1h 15m,1,Russian Twist,0,15,,0,
2022-08-15,21:20:01,1h 15m,2,Russian Twist,0,15,,0,
2022-08-15,21:20:01,1h 15m,3,Russian Twist,0,15,,0,
2022-08-16,22:08:03,59m,1,Shoulder Press (Plate Loaded),40.0,12,,0,
2022-08-16,22:08:03,59m,2,Shoulder Press (Plate Loaded),50.0,10,7.5,0,
2022-08-16,22:08:03,59m,3,Shoulder Press (Plate Loaded),50.0,8,7.5,0,
2022-08-16,22:08:03,59m,4,Shoulder Press (Plate Loaded),60.0,8,9.5,0,
2022-08-16,22:08:03,59m,1,Lateral Raise (Machine),7.5,12,,0,
2022-08-16,22:08:03,59m,2,Lateral Raise (Machine),10.0,12,,0,
2022-08-16,22:08:03,59m,3,Lateral Raise (Machine),10.0,12,,0,
2022-08-16,22:08:03,59m,1,Reverse Fly (Dumbbell),5.0,10,,0,
2022-08-16,22:08:03,59m,2,Reverse Fly (Dumbbell),5.0,10,,0,
2022-08-16,22:08:03,59m,3,Reverse Fly (Dumbbell),6.3,10,,0,
2022-08-16,22:08:03,59m,1,Squat (Barbell),60.0,15,,0,
2022-08-16,22:08:03,59m,2,Squat (Barbell),60.0,12,,0,
2022-08-16,22:08:03,59m,3,Squat (Barbell),60.0,12,,0,
2022-08-16,22:08:03,59m,4,Squat (Barbell),60.0,10,,0,
2022-08-16,22:08:03,59m,1,Leg Extension (Machine),77.0,12,,0,
2022-08-16,22:08:03,59m,2,Leg Extension (Machine),84.0,12,,0,
2022-08-16,22:08:03,59m,3,Leg Extension (Machine),84.0,10,,0,
2022-08-16,22:08:03,59m,1,Lying Leg Curl (Machine),43.0,12,,0,
2022-08-16,22:08:03,59m,2,Lying Leg Curl (Machine),50.0,12,,0,
2022-08-16,22:08:03,59m,3,Lying Leg Curl (Machine),50.0,10,,0,
2022-08-16,22:08:03,59m,1,Plank,0,0,,60,
2022-08-16,22:08:03,59m,2,Plank,0,0,,60,
2022-08-16,22:08:03,59m,3,Plank,0,0,,60,
2022-08-16,22:08:03,59m,1,Side Plank,0,0,,60,
2022-08-16,22:08:03,59m,2,Side Plank,0,0,,60,
2022-08-16,22:08:03,59m,3,Side Plank,0,0,,60,
2022-08-18,18:09:41,1h 18m,1,Pullover (Dumbbell),17.5,12,,0,
2022-08-18,18:09:41,1h 18m,2,Pullover (Dumbbell),17.5,12,,0,
2022-08-18,18:09:41,1h 18m,3,Pullover (Dumbbell),17.5,12,,0,
2022-08-18,18:09:41,1h 18m,1,Chest Fly (Dumbbell),12.5,12,,0,
2022-08-18,18:09:41,1h 18m,2,Chest Fly (Dumbbell),12.5,12,,0,
2022-08-18,18:09:41,1h 18m,3,Chest Fly (Dumbbell),12.5,10,,0,
2022-08-18,18:09:41,1h 18m,1,Chest Press (Machine),20.0,15,7,0,
2022-08-18,18:09:41,1h 18m,2,Chest Press (Machine),30.0,12,9.5,0,
2022-08-18,18:09:41,1h 18m,3,Chest Press (Machine),30.0,12,10,0,
2022-08-18,18:09:41,1h 18m,1,Lat Pulldown (Cable),45.0,10,9.5,0,
2022-08-18,18:09:41,1h 18m,2,Lat Pulldown (Cable),45.0,10,9.5,0,
2022-08-18,18:09:41,1h 18m,3,Lat Pulldown (Cable),45.0,10,10,0,
2022-08-18,18:09:41,1h 18m,1,Reverse Grip Lat Pulldown,32.0,10,10,0,
2022-08-18,18:09:41,1h 18m,2,Reverse Grip Lat Pulldown,32.0,8,8.5,0,
2022-08-18,18:09:41,1h 18m,3,Reverse Grip Lat Pulldown,32.0,10,10,0,
2022-08-18,18:09:41,1h 18m,1,Bent Over Row (Barbell),30.0,10,,0,
2022-08-18,18:09:41,1h 18m,2,Bent Over Row (Barbell),35.0,10,,0,
2022-08-18,18:09:41,1h 18m,3,Bent Over Row (Barbell),30.0,10,,0,
2022-08-18,18:09:41,1h 18m,1,Incline Curl (Dumbbell),10.0,12,7,0,
2022-08-18,18:09:41,1h 18m,2,Incline Curl (Dumbbell),5.0,12,10,0,
2022-08-18,18:09:41,1h 18m,3,Incline Curl (Dumbbell),5.0,12,9.5,0,
2022-08-18,18:09:41,1h 18m,1,Hammer Curl (Dumbbell),10.0,10,9,0,
2022-08-18,18:09:41,1h 18m,2,Hammer Curl (Dumbbell),10.0,10,10,0,
2022-08-18,18:09:41,1h 18m,3,Hammer Curl (Dumbbell),10.0,10,,0,
2022-08-18,18:09:41,1h 18m,1,V Crunch,0,15,,0,
2022-08-18,18:09:41,1h 18m,2,V Crunch,0,15,,0,
2022-08-18,18:09:41,1h 18m,3,V Crunch,0,15,,0,
2022-08-18,18:09:41,1h 18m,1,Russian Twist,0,15,,0,
2022-08-18,18:09:41,1h 18m,2,Russian Twist,0,15,,0,
2022-08-18,18:09:41,1h 18m,3,Russian Twist,0,15,,0,
2022-08-19,21:10:51,1h,1,Shoulder Press (Plate Loaded),40.0,12,,0,
2022-08-19,21:10:51,1h,2,Shoulder Press (Plate Loaded),50.0,10,9.5,0,
2022-08-19,21:10:51,1h,3,Shoulder Press (Plate Loaded),50.0,8,9,0,
2022-08-19,21:10:51,1h,4,Shoulder Press (Plate Loaded),50.0,8,9.5,0,
2022-08-19,21:10:51,1h,1,Lateral Raise (Machine),7.5,12,,0,
2022-08-19,21:10:51,1h,2,Lateral Raise (Machine),7.5,12,,0,
2022-08-19,21:10:51,1h,3,Lateral Raise (Machine),10.0,12,,0,
2022-08-19,21:10:51,1h,4,Lateral Raise (Machine),10.0,12,,0,
2022-08-19,21:10:51,1h,1,Reverse Fly (Dumbbell),5.0,10,,0,
2022-08-19,21:10:51,1h,2,Reverse Fly (Dumbbell),5.0,10,,0,
2022-08-19,21:10:51,1h,3,Reverse Fly (Dumbbell),5.0,10,,0,
2022-08-19,21:10:51,1h,1,Squat (Barbell),60.0,15,,0,
2022-08-19,21:10:51,1h,2,Squat (Barbell),65.0,12,,0,
2022-08-19,21:10:51,1h,3,Squat (Barbell),65.0,12,,0,
2022-08-19,21:10:51,1h,4,Squat (Barbell),70.0,10,,0,
2022-08-19,21:10:51,1h,1,Leg Extension (Machine),84.0,12,,0,
2022-08-19,21:10:51,1h,2,Leg Extension (Machine),90.0,12,,0,
2022-08-19,21:10:51,1h,3,Leg Extension (Machine),90.0,12,9.5,0,
2022-08-19,21:10:51,1h,1,Lying Leg Curl (Machine),43.0,12,,0,
2022-08-19,21:10:51,1h,2,Lying Leg Curl (Machine),50.0,12,,0,
2022-08-19,21:10:51,1h,3,Lying Leg Curl (Machine),59.0,10,8.5,0,
2022-08-19,21:10:51,1h,1,Plank,0,0,,60,
2022-08-19,21:10:51,1h,2,Plank,0,0,,60,
2022-08-19,21:10:51,1h,3,Plank,0,0,,60,
2022-08-19,21:10:51,1h,1,Side Plank,0,0,,60,
2022-08-19,21:10:51,1h,2,Side Plank,0,0,,60,
2022-08-19,21:10:51,1h,3,Side Plank,0,0,,60,
2022-08-22,18:57:30,1h 10m,1,Pullover (Dumbbell),17.5,12,,0,
2022-08-22,18:57:30,1h 10m,2,Pullover (Dumbbell),17.5,12,,0,
2022-08-22,18:57:30,1h 10m,3,Pullover (Dumbbell),20.0,12,,0,
2022-08-22,18:57:30,1h 10m,1,Chest Fly (Dumbbell),10.0,12,,0,
2022-08-22,18:57:30,1h 10m,2,Chest Fly (Dumbbell),10.0,12,,0,
2022-08-22,18:57:30,1h 10m,3,Chest Fly (Dumbbell),17.5,8,,0,
2022-08-22,18:57:30,1h 10m,1,Chest Press (Machine),30.0,15,7,0,
2022-08-22,18:57:30,1h 10m,2,Chest Press (Machine),35.0,12,8.5,0,
2022-08-22,18:57:30,1h 10m,3,Chest Press (Machine),40.0,12,9.5,0,
2022-08-22,18:57:30,1h 10m,1,Lat Pulldown (Cable),45.0,10,9.5,0,
2022-08-22,18:57:30,1h 10m,2,Lat Pulldown (Cable),45.0,10,9.5,0,
2022-08-22,18:57:30,1h 10m,3,Lat Pulldown (Cable),45.0,8,10,0,
2022-08-22,18:57:30,1h 10m,1,Reverse Grip Lat Pulldown,32.0,10,10,0,
2022-08-22,18:57:30,1h 10m,2,Reverse Grip Lat Pulldown,32.0,10,8.5,0,
2022-08-22,18:57:30,1h 10m,3,Reverse Grip Lat Pulldown,32.0,8,10,0,
2022-08-22,18:57:30,1h 10m,1,Bent Over Row (Barbell),35.0,10,,0,
2022-08-22,18:57:30,1h 10m,2,Bent Over Row (Barbell),35.0,10,,0,
2022-08-22,18:57:30,1h 10m,3,Bent Over Row (Barbell),30.0,10,,0,
2022-08-22,18:57:30,1h 10m,1,Incline Curl (Dumbbell),7.5,10,9.5,0,
2022-08-22,18:57:30,1h 10m,2,Incline Curl (Dumbbell),7.5,12,10,0,
2022-08-22,18:57:30,1h 10m,3,Incline Curl (Dumbbell),7.5,12,9.5,0,
2022-08-22,18:57:30,1h 10m,1,Hammer Curl (Dumbbell),12.5,9,9,0,
2022-08-22,18:57:30,1h 10m,2,Hammer Curl (Dumbbell),11.0,10,10,0,
2022-08-22,18:57:30,1h 10m,3,Hammer Curl (Dumbbell),11.0,10,,0,
2022-08-22,18:57:30,1h 10m,1,V Crunch,0,15,,0,
2022-08-22,18:57:30,1h 10m,2,V Crunch,0,15,,0,
2022-08-22,18:57:30,1h 10m,3,V Crunch,0,15,,0,
2022-08-22,18:57:30,1h 10m,1,Russian Twist,0,15,,0,
2022-08-22,18:57:30,1h 10m,2,Russian Twist,0,15,,0,
2022-08-22,18:57:30,1h 10m,3,Russian Twist,0,15,,0,
2022-08-23,21:02:40,57m,1,Shoulder Press (Plate Loaded),40.0,12,,0,
2022-08-23,21:02:40,57m,2,Shoulder Press (Plate Loaded),50.0,10,8.5,0,
2022-08-23,21:02:40,57m,3,Shoulder Press (Plate Loaded),50.0,8,9,0,
2022-08-23,21:02:40,57m,4,Shoulder Press (Plate Loaded),50.0,7,10,0,
2022-08-23,21:02:40,57m,1,Lateral Raise (Machine),10.0,12,,0,
2022-08-23,21:02:40,57m,2,Lateral Raise (Machine),10.0,12,,0,
2022-08-23,21:02:40,57m,3,Lateral Raise (Machine),10.0,10,,0,
2022-08-23,21:02:40,57m,1,Reverse Fly (Dumbbell),7.5,10,9,0,
2022-08-23,21:02:40,57m,2,Reverse Fly (Dumbbell),7.5,10,9,0,
2022-08-23,21:02:40,57m,3,Reverse Fly (Dumbbell),7.5,10,9,0,
2022-08-23,21:02:40,57m,1,Squat (Barbell),65.0,15,9,0,
2022-08-23,21:02:40,57m,2,Squat (Barbell),70.0,12,,0,
2022-08-23,21:02:40,57m,3,Squat (Barbell),70.0,12,,0,
2022-08-23,21:02:40,57m,4,Squat (Barbell),75.0,10,,0,
2022-08-23,21:02:40,57m,1,Leg Extension (Machine),90.0,12,,0,
2022-08-23,21:02:40,57m,2,Leg Extension (Machine),90.0,11,,0,
2022-08-23,21:02:40,57m,3,Leg Extension (Machine),90.0,12,9.5,0,
2022-08-23,21:02:40,57m,1,Lying Leg Curl (Machine),59.0,12,,0,
2022-08-23,21:02:40,57m,2,Lying Leg Curl (Machine),57.0,11,,0,
2022-08-23,21:02:40,57m,3,Lying Leg Curl (Machine),59.0,10,8.5,0,
2022-08-23,21:02:40,57m,1,Plank,0,0,,60,
2022-08-23,21:02:40,57m,2,Plank,0,0,,60,
2022-08-23,21:02:40,57m,3,Plank,0,0,,60,
2022-08-23,21:02:40,57m,1,Side Plank,0,0,,60,
2022-08-23,21:02:40,57m,2,Side Plank,0,0,,60,
2022-08-23,21:02:40,57m,3,Side Plank,0,0,,60,
2022-08-25,21:36:25,1h 30m,1,Pullover (Dumbbell),20.0,12,,0,
2022-08-25,21:36:25,1h 30m,2,Pullover (Dumbbell),25.0,12,,0,
2022-08-25,21:36:25,1h 30m,3,Pullover (Dumbbell),25.0,12,,0,
2022-08-25,21:36:25,1h 30m,1,Chest Fly (Dumbbell),15.0,12,,0,
2022-08-25,21:36:25,1h 30m,2,Chest Fly (Dumbbell),15.0,10,,0,
2022-08-25,21:36:25,1h 30m,3,Chest Fly (Dumbbell),15.0,8,,0,
2022-08-25,21:36:25,1h 30m,4,Chest Fly (Dumbbell),15.0,7,,0,
2022-08-25,21:36:25,1h 30m,1,Chest Press (Machine),30.0,15,7,0,
2022-08-25,21:36:25,1h 30m,2,Chest Press (Machine),35.0,12,8.5,0,
2022-08-25,21:36:25,1h 30m,3,Chest Press (Machine),40.0,10,9.5,0,
2022-08-25,21:36:25,1h 30m,1,Lat Pulldown (Cable),45.0,10,9.5,0,
2022-08-25,21:36:25,1h 30m,2,Lat Pulldown (Cable),45.0,10,9.5,0,
2022-08-25,21:36:25,1h 30m,3,Lat Pulldown (Cable),45.0,8,10,0,
2022-08-25,21:36:25,1h 30m,1,Reverse Grip Lat Pulldown,32.0,10,10,0,
2022-08-25,21:36:25,1h 30m,2,Reverse Grip Lat Pulldown,32.0,10,8.5,0,
2022-08-25,21:36:25,1h 30m,3,Reverse Grip Lat Pulldown,32.0,8,10,0,
2022-08-25,21:36:25,1h 30m,1,Bent Over Row (Barbell),35.0,10,,0,
2022-08-25,21:36:25,1h 30m,2,Bent Over Row (Barbell),40.0,10,,0,
2022-08-25,21:36:25,1h 30m,3,Bent Over Row (Barbell),40.0,10,,0,
2022-08-25,21:36:25,1h 30m,4,Bent Over Row (Barbell),40.0,8,,0,
2022-08-25,21:36:25,1h 30m,1,Incline Curl (Dumbbell),7.5,10,9.5,0,
2022-08-25,21:36:25,1h 30m,2,Incline Curl (Dumbbell),7.5,12,10,0,
2022-08-25,21:36:25,1h 30m,3,Incline Curl (Dumbbell),7.5,12,9.5,0,
2022-08-25,21:36:25,1h 30m,1,Hammer Curl (Dumbbell),12.5,8,9,0,
2022-08-25,21:36:25,1h 30m,2,Hammer Curl (Dumbbell),12.5,10,10,0,
2022-08-25,21:36:25,1h 30m,3,Hammer Curl (Dumbbell),11.0,10,,0,
2022-08-25,21:36:25,1h 30m,1,V Crunch,0,15,,0,
2022-08-25,21:36:25,1h 30m,2,V Crunch,0,15,,0,
2022-08-25,21:36:25,1h 30m,3,V Crunch,0,15,,0,
2022-08-25,21:36:25,1h 30m,1,Russian Twist,0,15,,0,
2022-08-25,21:36:25,1h 30m,2,Russian Twist,0,15,,0,
2022-08-25,21:36:25,1h 30m,3,Russian Twist,0,15,,0,
2022-08-26,20:32:00,1h 16m,1,Shoulder Press (Plate Loaded),50.0,12,,0,
2022-08-26,20:32:00,1h 16m,2,Shoulder Press (Plate Loaded),60.0,8,8.5,0,
2022-08-26,20:32:00,1h 16m,3,Shoulder Press (Plate Loaded),60.0,7,9,0,
2022-08-26,20:32:00,1h 16m,4,Shoulder Press (Plate Loaded),60.0,8,10,0,
2022-08-26,20:32:00,1h 16m,1,Lateral Raise (Machine),10.0,12,,0,
2022-08-26,20:32:00,1h 16m,2,Lateral Raise (Machine),10.0,12,,0,
2022-08-26,20:32:00,1h 16m,3,Lateral Raise (Machine),10.0,12,,0,
2022-08-26,20:32:00,1h 16m,1,Reverse Fly (Dumbbell),7.5,12,9,0,
2022-08-26,20:32:00,1h 16m,2,Reverse Fly (Dumbbell),7.5,12,9,0,
2022-08-26,20:32:00,1h 16m,3,Reverse Fly (Dumbbell),7.5,12,9,0,
2022-08-26,20:32:00,1h 16m,1,Squat (Barbell),70.0,15,8.5,0,
2022-08-26,20:32:00,1h 16m,2,Squat (Barbell),70.0,12,,0,
2022-08-26,20:32:00,1h 16m,3,Squat (Barbell),70.0,12,,0,
2022-08-26,20:32:00,1h 16m,4,Squat (Barbell),80.0,10,,0,
2022-08-26,20:32:00,1h 16m,1,Leg Extension (Machine),90.0,12,,0,
2022-08-26,20:32:00,1h 16m,2,Leg Extension (Machine),90.0,12,,0,
2022-08-26,20:32:00,1h 16m,3,Leg Extension (Machine),90.0,12,9.5,0,
2022-08-26,20:32:00,1h 16m,4,Leg Extension (Machine),90.0,12,9.5,0,
2022-08-26,20:32:00,1h 16m,1,Lying Leg Curl (Machine),57.0,12,,0,
2022-08-26,20:32:00,1h 16m,2,Lying Leg Curl (Machine),57.0,12,,0,
2022-08-26,20:32:00,1h 16m,3,Lying Leg Curl (Machine),59.0,12,8.5,0,
2022-08-26,20:32:00,1h 16m,4,Lying Leg Curl (Machine),59.0,12,8.5,0,
2022-08-26,20:32:00,1h 16m,1,Plank,0,0,,60,
2022-08-26,20:32:00,1h 16m,2,Plank,0,0,,60,
2022-08-26,20:32:00,1h 16m,3,Plank,0,0,,60,
2022-08-26,20:32:00,1h 16m,1,Side Plank,0,0,,60,
2022-08-26,20:32:00,1h 16m,2,Side Plank,0,0,,60,
2022-08-26,20:32:00,1h 16m,3,Side Plank,0,0,,60,
2022-09-07,20:54:57,1h 27m,1,Pullover (Dumbbell),20.0,12,,0,
2022-09-07,20:54:57,1h 27m,2,Pullover (Dumbbell),20.0,12,,0,
2022-09-07,20:54:57,1h 27m,3,Pullover (Dumbbell),25.0,12,,0,
2022-09-07,20:54:57,1h 27m,1,Chest Fly (Dumbbell),12.5,12,,0,
2022-09-07,20:54:57,1h 27m,2,Chest Fly (Dumbbell),12.5,12,,0,
2022-09-07,20:54:57,1h 27m,3,Chest Fly (Dumbbell),12.5,12,,0,
2022-09-07,20:54:57,1h 27m,1,Chest Press (Machine),30.0,15,7,0,
2022-09-07,20:54:57,1h 27m,2,Chest Press (Machine),35.0,12,7.5,0,
2022-09-07,20:54:57,1h 27m,3,Chest Press (Machine),40.0,10,7,0,
2022-09-07,20:54:57,1h 27m,1,Lat Pulldown (Cable),45.0,10,8.5,0,
2022-09-07,20:54:57,1h 27m,2,Lat Pulldown (Cable),45.0,10,8.5,0,
2022-09-07,20:54:57,1h 27m,3,Lat Pulldown (Cable),45.0,6,10,0,
2022-09-07,20:54:57,1h 27m,1,Reverse Grip Lat Pulldown,32.0,10,8.5,0,
2022-09-07,20:54:57,1h 27m,2,Reverse Grip Lat Pulldown,32.0,10,8.5,0,
2022-09-07,20:54:57,1h 27m,3,Reverse Grip Lat Pulldown,32.0,7,10,0,
2022-09-07,20:54:57,1h 27m,1,Bent Over Row (Barbell),35.0,10,,0,
2022-09-07,20:54:57,1h 27m,2,Bent Over Row (Barbell),40.0,10,,0,
2022-09-07,20:54:57,1h 27m,3,Bent Over Row (Barbell),40.0,10,,0,
2022-09-07,20:54:57,1h 27m,1,Incline Curl (Dumbbell),7.5,10,7,0,
2022-09-07,20:54:57,1h 27m,2,Incline Curl (Dumbbell),7.5,12,8,0,
2022-09-07,20:54:57,1h 27m,3,Incline Curl (Dumbbell),7.5,12,9.5,0,
2022-09-07,20:54:57,1h 27m,1,Hammer Curl (Dumbbell),12.5,10,9,0,
2022-09-07,20:54:57,1h 27m,2,Hammer Curl (Dumbbell),12.5,8,10,0,
2022-09-07,20:54:57,1h 27m,3,Hammer Curl (Dumbbell),12.5,7,,0,
2022-09-07,20:54:57,1h 27m,1,V Crunch,0,30,,0,
2022-09-07,20:54:57,1h 27m,2,V Crunch,0,30,,0,
2022-09-07,20:54:57,1h 27m,3,V Crunch,0,30,,0,
2022-09-07,20:54:57,1h 27m,1,Russian Twist,0,30,,0,
2022-09-07,20:54:57,1h 27m,2,Russian Twist,0,30,,0,
2022-09-07,20:54:57,1h 27m,3,Russian Twist,0,30,,0,
2022-09-09,22:35:42,55m,1,Shoulder Press (Plate Loaded),50.0,12,,0,
2022-09-09,22:35:42,55m,2,Shoulder Press (Plate Loaded),60.0,8,10,0,
2022-09-09,22:35:42,55m,3,Shoulder Press (Plate Loaded),60.0,7,10,0,
2022-09-09,22:35:42,55m,4,Shoulder Press (Plate Loaded),60.0,7,10,0,
2022-09-09,22:35:42,55m,1,Lateral Raise (Machine),10.0,12,,0,
2022-09-09,22:35:42,55m,2,Lateral Raise (Machine),10.0,12,,0,
2022-09-09,22:35:42,55m,3,Lateral Raise (Machine),10.0,12,,0,
2022-09-09,22:35:42,55m,1,Reverse Fly (Dumbbell),7.5,12,9,0,
2022-09-09,22:35:42,55m,2,Reverse Fly (Dumbbell),7.5,12,9,0,
2022-09-09,22:35:42,55m,3,Reverse Fly (Dumbbell),7.5,12,9,0,
2022-09-09,22:35:42,55m,1,Squat (Barbell),70.0,15,8.5,0,
2022-09-09,22:35:42,55m,2,Squat (Barbell),70.0,12,,0,
2022-09-09,22:35:42,55m,3,Squat (Barbell),70.0,12,,0,
2022-09-09,22:35:42,55m,4,Squat (Barbell),80.0,10,,0,
2022-09-09,22:35:42,55m,1,Leg Extension (Machine),90.0,12,,0,
2022-09-09,22:35:42,55m,2,Leg Extension (Machine),90.0,12,,0,
2022-09-09,22:35:42,55m,3,Leg Extension (Machine),90.0,12,8.5,0,
2022-09-09,22:35:42,55m,1,Lying Leg Curl (Machine),57.0,12,,0,
2022-09-09,22:35:42,55m,2,Lying Leg Curl (Machine),57.0,12,,0,
2022-09-09,22:35:42,55m,3,Lying Leg Curl (Machine),59.0,12,8.5,0,
2022-09-09,22:35:42,55m,1,Plank,0,0,,60,
2022-09-09,22:35:42,55m,2,Plank,0,0,,60,
2022-09-09,22:35:42,55m,3,Plank,0,0,,60,
2022-09-09,22:35:42,55m,1,Side Plank,0,0,,60,
2022-09-09,22:35:42,55m,2,Side Plank,0,0,,60,
2022-09-09,22:35:42,55m,3,Side Plank,0,0,,60,
2022-09-12,20:50:55,1h 9m,1,Pullover (Dumbbell),20.0,12,,0,
2022-09-12,20:50:55,1h 9m,2,Pullover (Dumbbell),20.0,12,,0,
2022-09-12,20:50:55,1h 9m,3,Pullover (Dumbbell),25.0,10,,0,
2022-09-12,20:50:55,1h 9m,1,Chest Fly (Dumbbell),12.5,12,,0,
2022-09-12,20:50:55,1h 9m,2,Chest Fly (Dumbbell),12.5,8,,0,
2022-09-12,20:50:55,1h 9m,3,Chest Fly (Dumbbell),12.5,8,,0,
2022-09-12,20:50:55,1h 9m,1,Chest Press (Machine),30.0,15,7,0,
2022-09-12,20:50:55,1h 9m,2,Chest Press (Machine),43.0,12,9,0,
2022-09-12,20:50:55,1h 9m,3,Chest Press (Machine),43.0,8,9.5,0,
2022-09-12,20:50:55,1h 9m,1,Lat Pulldown (Cable),45.0,10,8.5,0,
2022-09-12,20:50:55,1h 9m,2,Lat Pulldown (Cable),45.0,10,8.5,0,
2022-09-12,20:50:55,1h 9m,3,Lat Pulldown (Cable),45.0,8,10,0,
2022-09-12,20:50:55,1h 9m,1,Reverse Grip Lat Pulldown,32.0,10,8.5,0,
2022-09-12,20:50:55,1h 9m,2,Reverse Grip Lat Pulldown,32.0,10,8.5,0,
2022-09-12,20:50:55,1h 9m,3,Reverse Grip Lat Pulldown,32.0,10,10,0,
2022-09-12,20:50:55,1h 9m,1,Bent Over Row (Barbell),35.0,10,,0,
2022-09-12,20:50:55,1h 9m,2,Bent Over Row (Barbell),40.0,10,,0,
2022-09-12,20:50:55,1h 9m,3,Bent Over Row (Barbell),40.0,10,,0,
2022-09-12,20:50:55,1h 9m,1,Incline Curl (Dumbbell),7.5,12,7,0,
2022-09-12,20:50:55,1h 9m,2,Incline Curl (Dumbbell),7.5,12,9.5,0,
2022-09-12,20:50:55,1h 9m,3,Incline Curl (Dumbbell),7.5,12,9.5,0,
2022-09-12,20:50:55,1h 9m,1,Hammer Curl (Dumbbell),10.0,12,8,0,
2022-09-12,20:50:55,1h 9m,2,Hammer Curl (Dumbbell),10.0,10,10,0,
2022-09-12,20:50:55,1h 9m,3,Hammer Curl (Dumbbell),10.0,12,9,0,
2022-09-12,20:50:55,1h 9m,1,V Crunch,0,30,,0,
2022-09-12,20:50:55,1h 9m,2,V Crunch,0,30,,0,
2022-09-12,20:50:55,1h 9m,3,V Crunch,0,30,,0,
2022-09-12,20:50:55,1h 9m,1,Russian Twist,0,20,,0,
2022-09-12,20:50:55,1h 9m,2,Russian Twist,0,20,,0,
2022-09-12,20:50:55,1h 9m,3,Russian Twist,0,30,,0,
2022-09-13,19:10:00,1h 3m,1,Shoulder Press (Plate Loaded),30.0,15,,0,
2022-09-13,19:10:00,1h 3m,2,Shoulder Press (Plate Loaded),35.0,10,8,0,
2022-09-13,19:10:00,1h 3m,3,Shoulder Press (Plate Loaded),35.0,10,8.5,0,
2022-09-13,19:10:00,1h 3m,4,Shoulder Press (Plate Loaded),40.0,8,8.5,0,
2022-09-13,19:10:00,1h 3m,1,Lateral Raise (Machine),10.0,12,,0,
2022-09-13,19:10:00,1h 3m,2,Lateral Raise (Machine),10.0,12,,0,
2022-09-13,19:10:00,1h 3m,3,Lateral Raise (Machine),10.0,12,,0,
2022-09-13,19:10:00,1h 3m,1,Reverse Fly (Dumbbell),7.5,12,9,0,
2022-09-13,19:10:00,1h 3m,2,Reverse Fly (Dumbbell),7.5,12,9,0,
2022-09-13,19:10:00,1h 3m,3,Reverse Fly (Dumbbell),7.5,12,9,0,
2022-09-13,19:10:00,1h 3m,1,Squat (Barbell),60.0,15,8.5,0,
2022-09-13,19:10:00,1h 3m,2,Squat (Barbell),70.0,12,8.5,0,
2022-09-13,19:10:00,1h 3m,3,Squat (Barbell),70.0,10,9.5,0,
2022-09-13,19:10:00,1h 3m,4,Squat (Barbell),70.0,8,,0,
2022-09-13,19:10:00,1h 3m,1,Leg Extension (Machine),90.0,12,,0,
2022-09-13,19:10:00,1h 3m,2,Leg Extension (Machine),90.0,12,,0,
2022-09-13,19:10:00,1h 3m,3,Leg Extension (Machine),90.0,12,8.5,0,
2022-09-13,19:10:00,1h 3m,1,Lying Leg Curl (Machine),57.0,12,,0,
2022-09-13,19:10:00,1h 3m,2,Lying Leg Curl (Machine),57.0,12,,0,
2022-09-13,19:10:00,1h 3m,3,Lying Leg Curl (Machine),59.0,12,8.5,0,
2022-09-13,19:10:00,1h 3m,1,Plank,0,0,,60,
2022-09-13,19:10:00,1h 3m,2,Plank,0,0,,60,
2022-09-13,19:10:00,1h 3m,3,Plank,0,0,,60,
2022-09-13,19:10:00,1h 3m,1,Side Plank,0,0,,60,
2022-09-13,19:10:00,1h 3m,2,Side Plank,0,0,,60,
2022-09-13,19:10:00,1h 3m,3,Side Plank,0,0,,60,
2022-09-16,21:21:56,54m,1,Shoulder Press (Plate Loaded),36.0,12,,0,
2022-09-16,21:21:56,54m,2,Shoulder Press (Plate Loaded),43.0,10,10,0,
2022-09-16,21:21:56,54m,3,Shoulder Press (Plate Loaded),43.0,10,10,0,
2022-09-16,21:21:56,54m,4,Shoulder Press (Plate Loaded),50.0,6,10,0,
2022-09-16,21:21:56,54m,1,Lateral Raise (Machine),10.0,12,,0,
2022-09-16,21:21:56,54m,2,Lateral Raise (Machine),10.0,12,,0,
2022-09-16,21:21:56,54m,3,Lateral Raise (Machine),10.0,12,,0,
2022-09-16,21:21:56,54m,1,Reverse Fly (Dumbbell),7.5,10,9,0,
2022-09-16,21:21:56,54m,2,Reverse Fly (Dumbbell),7.5,12,9,0,
2022-09-16,21:21:56,54m,3,Reverse Fly (Dumbbell),7.5,12,10,0,
2022-09-16,21:21:56,54m,1,Squat (Barbell),80.0,10,8.5,0,
2022-09-16,21:21:56,54m,2,Squat (Barbell),70.0,10,,0,
2022-09-16,21:21:56,54m,3,Squat (Barbell),80.0,7,,0,
2022-09-16,21:21:56,54m,4,Squat (Barbell),80.0,10,9.5,0,
2022-09-16,21:21:56,54m,1,Leg Extension (Machine),90.0,11,,0,
2022-09-16,21:21:56,54m,2,Leg Extension (Machine),90.0,12,9.5,0,
2022-09-16,21:21:56,54m,3,Leg Extension (Machine),90.0,10,10,0,
2022-09-16,21:21:56,54m,1,Lying Leg Curl (Machine),57.0,12,,0,
2022-09-16,21:21:56,54m,2,Lying Leg Curl (Machine),57.0,12,8.5,0,
2022-09-16,21:21:56,54m,3,Lying Leg Curl (Machine),59.0,12,9.5,0,
2022-09-16,21:21:56,54m,1,Plank,0,0,,60,
2022-09-16,21:21:56,54m,2,Plank,0,0,,60,
2022-09-16,21:21:56,54m,3,Plank,0,0,,60,
2022-09-16,21:21:56,54m,1,Side Plank,0,0,,60,
2022-09-16,21:21:56,54m,2,Side Plank,0,0,,60,
2022-09-16,21:21:56,54m,3,Side Plank,0,0,,60,
2022-09-19,17:41:41,1h 20m,1,Pullover (Dumbbell),20.0,12,,0,
2022-09-19,17:41:41,1h 20m,2,Pullover (Dumbbell),20.0,12,,0,
2022-09-19,17:41:41,1h 20m,1,Chest Fly (Dumbbell),10.0,12,,0,
2022-09-19,17:41:41,1h 20m,2,Chest Fly (Dumbbell),12.5,12,,0,
2022-09-19,17:41:41,1h 20m,3,Chest Fly (Dumbbell),12.5,8,,0,
2022-09-19,17:41:41,1h 20m,1,Chest Press (Machine),30.0,15,7,0,
2022-09-19,17:41:41,1h 20m,2,Chest Press (Machine),40.0,12,9,0,
2022-09-19,17:41:41,1h 20m,3,Chest Press (Machine),45.0,9,10,0,
2022-09-19,17:41:41,1h 20m,1,Lat Pulldown (Cable),45.0,10,8.5,0,
2022-09-19,17:41:41,1h 20m,2,Lat Pulldown (Cable),45.0,8,10,0,
2022-09-19,17:41:41,1h 20m,3,Lat Pulldown (Cable),45.0,8,10,0,
2022-09-19,17:41:41,1h 20m,1,Reverse Grip Lat Pulldown,32.0,10,8.5,0,
2022-09-19,17:41:41,1h 20m,2,Reverse Grip Lat Pulldown,32.0,8,10,0,
2022-09-19,17:41:41,1h 20m,3,Reverse Grip Lat Pulldown,32.0,10,10,0,
2022-09-19,17:41:41,1h 20m,1,Bent Over Row (Barbell),40.0,12,,0,
2022-09-19,17:41:41,1h 20m,2,Bent Over Row (Barbell),40.0,10,,0,
2022-09-19,17:41:41,1h 20m,3,Bent Over Row (Barbell),40.0,10,,0,
2022-09-19,17:41:41,1h 20m,1,Incline Curl (Dumbbell),10.0,8,7,0,
2022-09-19,17:41:41,1h 20m,2,Incline Curl (Dumbbell),7.5,10,10,0,
2022-09-19,17:41:41,1h 20m,3,Incline Curl (Dumbbell),7.5,10,9.5,0,
2022-09-19,17:41:41,1h 20m,1,Hammer Curl (Dumbbell),10.0,12,8,0,
2022-09-19,17:41:41,1h 20m,2,Hammer Curl (Dumbbell),10.0,10,8.5,0,
2022-09-19,17:41:41,1h 20m,3,Hammer Curl (Dumbbell),10.0,10,9,0,
2022-09-19,17:41:41,1h 20m,1,V Crunch,0,30,,0,
2022-09-19,17:41:41,1h 20m,2,V Crunch,0,30,,0,
2022-09-19,17:41:41,1h 20m,3,V Crunch,0,30,,0,
2022-09-19,17:41:41,1h 20m,1,Russian Twist,0,20,,0,
2022-09-19,17:41:41,1h 20m,2,Russian Twist,0,20,,0,
2022-09-19,17:41:41,1h 20m,3,Russian Twist,0,30,,0,
2022-09-26,19:27:41,2h 21m,1,Pullover (Dumbbell),20.0,12,,0,
2022-09-26,19:27:41,2h 21m,2,Pullover (Dumbbell),20.0,12,,0,
2022-09-26,19:27:41,2h 21m,3,Pullover (Dumbbell),24.0,12,,0,
2022-09-26,19:27:41,2h 21m,1,Chest Fly (Dumbbell),14.0,12,,0,
2022-09-26,19:27:41,2h 21m,2,Chest Fly (Dumbbell),12.5,12,,0,
2022-09-26,19:27:41,2h 21m,3,Chest Fly (Dumbbell),12.5,8,,0,
2022-09-26,19:27:41,2h 21m,1,Chest Press (Machine),30.0,15,7,0,
2022-09-26,19:27:41,2h 21m,2,Chest Press (Machine),40.0,12,9,0,
2022-09-26,19:27:41,2h 21m,3,Chest Press (Machine),45.0,9,10,0,
2022-09-26,19:27:41,2h 21m,1,Lat Pulldown (Cable),45.0,12,8.5,0,
2022-09-26,19:27:41,2h 21m,2,Lat Pulldown (Cable),45.0,10,9,0,
2022-09-26,19:27:41,2h 21m,3,Lat Pulldown (Cable),45.0,10,8.5,0,
2022-09-26,19:27:41,2h 21m,1,Reverse Grip Lat Pulldown,35.0,12,8.5,0,
2022-09-26,19:27:41,2h 21m,2,Reverse Grip Lat Pulldown,32.0,10,9,0,
2022-09-26,19:27:41,2h 21m,3,Reverse Grip Lat Pulldown,32.0,10,9,0,
2022-09-26,19:27:41,2h 21m,1,Bent Over Row (Barbell),40.0,10,,0,
2022-09-26,19:27:41,2h 21m,2,Bent Over Row (Barbell),40.0,10,,0,
2022-09-26,19:27:41,2h 21m,3,Bent Over Row (Barbell),40.0,10,,0,
2022-09-26,19:27:41,2h 21m,4,Bent Over Row (Barbell),40.0,10,,0,
2022-09-26,19:27:41,2h 21m,1,Incline Curl (Dumbbell),10.0,10,7,0,
2022-09-26,19:27:41,2h 21m,2,Incline Curl (Dumbbell),10.0,10,8,0,
2022-09-26,19:27:41,2h 21m,3,Incline Curl (Dumbbell),10.0,10,8,0,
2022-09-26,19:27:41,2h 21m,1,Hammer Curl (Dumbbell),8.0,12,8,0,
2022-09-26,19:27:41,2h 21m,2,Hammer Curl (Dumbbell),10.0,10,8.5,0,
2022-09-26,19:27:41,2h 21m,3,Hammer Curl (Dumbbell),10.0,10,9,0,
2022-09-26,19:27:41,2h 21m,4,Hammer Curl (Dumbbell),14.0,10,9,0,
2022-09-26,19:27:41,2h 21m,1,V Crunch,0,30,,0,
2022-09-26,19:27:41,2h 21m,2,V Crunch,0,30,,0,
2022-09-26,19:27:41,2h 21m,3,V Crunch,0,30,,0,
2022-09-26,19:27:41,2h 21m,1,Russian Twist,0,20,,0,
2022-09-26,19:27:41,2h 21m,2,Russian Twist,0,20,,0,
2022-09-26,19:27:41,2h 21m,3,Russian Twist,0,30,,0,
2022-10-03,19:23:35,1h 30m,1,Pullover (Dumbbell),20.0,12,,0,
2022-10-03,19:23:35,1h 30m,2,Pullover (Dumbbell),20.0,12,,0,
2022-10-03,19:23:35,1h 30m,3,Pullover (Dumbbell),24.0,12,,0,
2022-10-03,19:23:35,1h 30m,1,Chest Fly (Dumbbell),12.5,12,,0,
2022-10-03,19:23:35,1h 30m,2,Chest Fly (Dumbbell),12.5,12,,0,
2022-10-03,19:23:35,1h 30m,3,Chest Fly (Dumbbell),12.5,8,,0,
2022-10-03,19:23:35,1h 30m,1,Chest Press (Machine),30.0,15,7,0,15x3
2022-10-03,19:23:35,1h 30m,2,Chest Press (Machine),45.0,11,10,0,
2022-10-03,19:23:35,1h 30m,3,Chest Press (Machine),50.0,8,10,0,
2022-10-03,19:23:35,1h 30m,1,Lat Pulldown (Cable),45.0,10,8.5,0,10x3
2022-10-03,19:23:35,1h 30m,2,Lat Pulldown (Cable),52.0,10,9,0,
2022-10-03,19:23:35,1h 30m,3,Lat Pulldown (Cable),52.0,8,10,0,
2022-10-03,19:23:35,1h 30m,1,Reverse Grip Lat Pulldown,32.0,10,8.5,0,10x3
2022-10-03,19:23:35,1h 30m,2,Reverse Grip Lat Pulldown,32.0,10,9,0,
2022-10-03,19:23:35,1h 30m,3,Reverse Grip Lat Pulldown,32.0,10,9,0,
2022-10-03,19:23:35,1h 30m,1,Bent Over Row (Barbell),40.0,12,9.5,0,12x3
2022-10-03,19:23:35,1h 30m,2,Bent Over Row (Barbell),40.0,12,9.5,0,
2022-10-03,19:23:35,1h 30m,3,Bent Over Row (Barbell),40.0,8,10,0,
2022-10-03,19:23:35,1h 30m,1,Incline Curl (Dumbbell),10.0,12,9.5,0,12x3
2022-10-03,19:23:35,1h 30m,2,Incline Curl (Dumbbell),10.0,9,10,0,
2022-10-03,19:23:35,1h 30m,3,Incline Curl (Dumbbell),10.0,8,10,0,
2022-10-03,19:23:35,1h 30m,1,Hammer Curl (Dumbbell),10.0,10,8,0,10x3
2022-10-03,19:23:35,1h 30m,2,Hammer Curl (Dumbbell),10.0,10,8.5,0,
2022-10-03,19:23:35,1h 30m,3,Hammer Curl (Dumbbell),10.0,10,9,0,
2022-10-03,19:23:35,1h 30m,1,V Crunch,0,30,,0,
2022-10-03,19:23:35,1h 30m,2,V Crunch,0,30,,0,
2022-10-03,19:23:35,1h 30m,3,V Crunch,0,30,,0,
2022-10-03,19:23:35,1h 30m,1,Russian Twist,0,20,,0,
2022-10-03,19:23:35,1h 30m,2,Russian Twist,0,20,,0,
2022-10-03,19:23:35,1h 30m,3,Russian Twist,0,30,,0,
2022-10-04,20:10:36,49h 41m,1,Shoulder Press (Plate Loaded),40.0,12,8,0,"12,10,8,8"
2022-10-04,20:10:36,49h 41m,2,Shoulder Press (Plate Loaded),60.0,10,10,0,
2022-10-04,20:10:36,49h 41m,3,Shoulder Press (Plate Loaded),60.0,5,10,0,
2022-10-04,20:10:36,49h 41m,4,Shoulder Press (Plate Loaded),60.0,8,9,0,
2022-10-04,20:10:36,49h 41m,1,Lateral Raise (Machine),10.0,10,8.5,0,12x3
2022-10-04,20:10:36,49h 41m,2,Lateral Raise (Machine),10.0,12,,0,
2022-10-04,20:10:36,49h 41m,3,Lateral Raise (Machine),10.0,12,,0,
2022-10-04,20:10:36,49h 41m,1,Reverse Fly (Dumbbell),10.0,10,9.5,0,12x3
2022-10-04,20:10:36,49h 41m,2,Reverse Fly (Dumbbell),10.0,12,,0,
2022-10-04,20:10:36,49h 41m,3,Reverse Fly (Dumbbell),10.0,12,10,0,
2022-10-04,20:10:36,49h 41m,1,Squat (Barbell),60.0,15,9.5,0,15-12-10-10 (if free squat then -10kg)
2022-10-04,20:10:36,49h 41m,2,Squat (Barbell),60.0,12,9.5,0,
2022-10-04,20:10:36,49h 41m,3,Squat (Barbell),60.0,12,8.5,0,
2022-10-04,20:10:36,49h 41m,4,Squat (Barbell),70.0,10,9.5,0,
2022-10-04,20:10:36,49h 41m,1,Leg Extension (Machine),90.0,12,,0,
2022-10-04,20:10:36,49h 41m,2,Leg Extension (Machine),90.0,12,,0,
2022-10-04,20:10:36,49h 41m,3,Leg Extension (Machine),90.0,12,8.5,0,
2022-10-04,20:10:36,49h 41m,1,Lying Leg Curl (Machine),57.0,12,,0,
2022-10-04,20:10:36,49h 41m,2,Lying Leg Curl (Machine),57.0,12,,0,
2022-10-04,20:10:36,49h 41m,1,Plank,0,0,,60,
2022-10-04,20:10:36,49h 41m,2,Plank,0,0,,60,
2022-10-04,20:10:36,49h 41m,3,Plank,0,0,,60,
2022-10-04,20:10:36,49h 41m,1,Side Plank,0,0,,60,
2022-10-04,20:10:36,49h 41m,2,Side Plank,0,0,,60,
2022-10-04,20:10:36,49h 41m,3,Side Plank,0,0,,60,
2022-10-06,21:52:37,1h 22m,1,Pullover (Dumbbell),20.0,12,,0,
2022-10-06,21:52:37,1h 22m,2,Pullover (Dumbbell),22.5,12,,0,
2022-10-06,21:52:37,1h 22m,3,Pullover (Dumbbell),22.5,12,8.5,0,
2022-10-06,21:52:37,1h 22m,1,Chest Fly (Dumbbell),15.0,12,,0,
2022-10-06,21:52:37,1h 22m,2,Chest Fly (Dumbbell),15.0,12,,0,
2022-10-06,21:52:37,1h 22m,3,Chest Fly (Dumbbell),12.5,9,10,0,
2022-10-06,21:52:37,1h 22m,1,Chest Press (Machine),35.0,15,7,0,15 x 3
2022-10-06,21:52:37,1h 22m,2,Chest Press (Machine),50.0,8,10,0,
2022-10-06,21:52:37,1h 22m,3,Chest Press (Machine),50.0,12,10,0,
2022-10-06,21:52:37,1h 22m,1,Lat Pulldown (Cable),52.0,10,8.5,0,
2022-10-06,21:52:37,1h 22m,2,Lat Pulldown (Cable),52.0,10,9,0,
2022-10-06,21:52:37,1h 22m,3,Lat Pulldown (Cable),48.0,12,10,0,
2022-10-06,21:52:37,1h 22m,1,Reverse Grip Lat Pulldown,39.0,10,8.5,0,
2022-10-06,21:52:37,1h 22m,2,Reverse Grip Lat Pulldown,39.0,8,10,0,
2022-10-06,21:52:37,1h 22m,3,Reverse Grip Lat Pulldown,39.0,10,9,0,
2022-10-06,21:52:37,1h 22m,1,Bent Over Row (Barbell),40.0,12,8.5,0,
2022-10-06,21:52:37,1h 22m,2,Bent Over Row (Barbell),45.0,12,9.5,0,
2022-10-06,21:52:37,1h 22m,3,Bent Over Row (Barbell),45.0,10,9,0,
2022-10-06,21:52:37,1h 22m,1,Incline Curl (Dumbbell),10.0,12,9.5,0,
2022-10-06,21:52:37,1h 22m,2,Incline Curl (Dumbbell),10.0,12,10,0,
2022-10-06,21:52:37,1h 22m,3,Incline Curl (Dumbbell),10.0,8,10,0,
2022-10-06,21:52:37,1h 22m,1,Hammer Curl (Dumbbell),10.0,10,8,0,
2022-10-06,21:52:37,1h 22m,2,Hammer Curl (Dumbbell),10.0,10,8.5,0,
2022-10-06,21:52:37,1h 22m,3,Hammer Curl (Dumbbell),10.0,10,9,0,
2022-10-06,21:52:37,1h 22m,1,V Crunch,0,30,,0,
2022-10-06,21:52:37,1h 22m,2,V Crunch,0,30,,0,
2022-10-06,21:52:37,1h 22m,3,V Crunch,0,30,,0,
2022-10-06,21:52:37,1h 22m,1,Russian Twist,0,20,,0,
2022-10-06,21:52:37,1h 22m,2,Russian Twist,0,20,,0,
2022-10-06,21:52:37,1h 22m,3,Russian Twist,0,30,,0,
2022-10-08,18:11:35,1h 5m,1,Shoulder Press (Plate Loaded),40.0,12,7,0,12-10-8-8
2022-10-08,18:11:35,1h 5m,2,Shoulder Press (Plate Loaded),60.0,10,8.5,0,
2022-10-08,18:11:35,1h 5m,3,Shoulder Press (Plate Loaded),70.0,6,10,0,
2022-10-08,18:11:35,1h 5m,4,Shoulder Press (Plate Loaded),65.0,6,10,0,
2022-10-08,18:11:35,1h 5m,1,Lateral Raise (Machine),10.0,10,8.5,0,12x3
2022-10-08,18:11:35,1h 5m,2,Lateral Raise (Machine),10.0,12,8.5,0,
2022-10-08,18:11:35,1h 5m,3,Lateral Raise (Machine),10.0,11,10,0,
2022-10-08,18:11:35,1h 5m,1,Reverse Fly (Dumbbell),10.0,10,8.5,0,10x3
2022-10-08,18:11:35,1h 5m,2,Reverse Fly (Dumbbell),10.0,10,9,0,
2022-10-08,18:11:35,1h 5m,3,Reverse Fly (Dumbbell),10.0,12,10,0,
2022-10-08,18:11:35,1h 5m,1,Squat (Barbell),60.0,15,9.5,0,
2022-10-08,18:11:35,1h 5m,2,Squat (Barbell),70.0,12,9.5,0,
2022-10-08,18:11:35,1h 5m,3,Squat (Barbell),75.0,10,8.5,0,
2022-10-08,18:11:35,1h 5m,4,Squat (Barbell),75.0,10,9.5,0,
2022-10-08,18:11:35,1h 5m,1,Leg Extension (Machine),97.0,12,,0,
2022-10-08,18:11:35,1h 5m,2,Leg Extension (Machine),97.0,12,8.5,0,
2022-10-08,18:11:35,1h 5m,3,Leg Extension (Machine),97.0,12,8.5,0,
2022-10-08,18:11:35,1h 5m,1,Lying Leg Curl (Machine),64.0,12,,0,
2022-10-08,18:11:35,1h 5m,2,Lying Leg Curl (Machine),64.0,12,8.5,0,
2022-10-08,18:11:35,1h 5m,3,Lying Leg Curl (Machine),64.0,12,8.5,0,
2022-10-08,18:11:35,1h 5m,1,Plank,0,0,,60,
2022-10-08,18:11:35,1h 5m,2,Plank,0,0,,48,
2022-10-08,18:11:35,1h 5m,3,Plank,0,0,,40,
2022-10-08,18:11:35,1h 5m,1,Side Plank,0,0,,45,
2022-10-08,18:11:35,1h 5m,2,Side Plank,0,0,,35,
2022-10-08,18:11:35,1h 5m,3,Side Plank,0,0,,34,
2022-10-08,18:11:35,1h 5m,1,Leg Press,109.0,10,7.5,0,
2022-10-08,18:11:35,1h 5m,2,Leg Press,120.0,12,7.5,0,
2022-10-08,18:11:35,1h 5m,3,Leg Press,143.0,12,,0,
2022-10-08,18:11:35,1h 5m,4,Leg Press,143.0,12,,0,
2022-10-11,21:08:48,2h 24m,1,Lat Pulldown (Cable),52.0,10,,0,4x10
2022-10-11,21:08:48,2h 24m,2,Lat Pulldown (Cable),52.0,10,,0,
2022-10-11,21:08:48,2h 24m,3,Lat Pulldown (Cable),52.0,10,,0,
2022-10-11,21:08:48,2h 24m,4,Lat Pulldown (Cable),52.0,6,10,0,
2022-10-11,21:08:48,2h 24m,1,Iso-Lateral Row (Machine),39.0,8,,0,4x8
2022-10-11,21:08:48,2h 24m,2,Iso-Lateral Row (Machine),39.0,8,,0,
2022-10-11,21:08:48,2h 24m,3,Iso-Lateral Row (Machine),45.0,8,,0,
2022-10-11,21:08:48,2h 24m,4,Iso-Lateral Row (Machine),45.0,8,8.5,0,
2022-10-11,21:08:48,2h 24m,1,Reverse Grip Lat Pulldown,39.0,12,8.5,0,12x3
2022-10-11,21:08:48,2h 24m,2,Reverse Grip Lat Pulldown,39.0,12,8.5,0,
2022-10-11,21:08:48,2h 24m,3,Reverse Grip Lat Pulldown,45.0,12,9,0,
2022-10-11,21:08:48,2h 24m,1,Bent Over One Arm Row (Dumbbell),12.5,12,9,0,12x3 left and right
2022-10-11,21:08:48,2h 24m,2,Bent Over One Arm Row (Dumbbell),12.5,12,,0,
2022-10-11,21:08:48,2h 24m,3,Bent Over One Arm Row (Dumbbell),12.5,12,,0,
2022-10-11,21:08:48,2h 24m,1,Straight Arm Pulldown,10.2,15,8,0,15x3
2022-10-11,21:08:48,2h 24m,2,Straight Arm Pulldown,10.2,15,8.5,0,
2022-10-11,21:08:48,2h 24m,3,Straight Arm Pulldown,10.2,15,9.5,0,
2022-10-11,21:08:48,2h 24m,1,Dumpbell Bentover Rear Lat Raise,5.0,12,9,0,12x3 dizleri bük ayakta . Bak videoya
2022-10-11,21:08:48,2h 24m,2,Dumpbell Bentover Rear Lat Raise,7.5,12,8.5,0,
2022-10-11,21:08:48,2h 24m,3,Dumpbell Bentover Rear Lat Raise,7.5,12,10,0,
2022-10-11,21:08:48,2h 24m,1,Hammer Curl (Cable),14.7,12,,0,12x3 . Biraz geride dur ip gerilsin. Dirsekler gövdeye bitişik. Formu bozmadan ipi çek ve yanlara doğru aç. Dirsek acıtıyor biraz 
2022-10-11,21:08:48,2h 24m,2,Hammer Curl (Cable),14.7,12,,0,
2022-10-11,21:08:48,2h 24m,3,Hammer Curl (Cable),12.5,12,,0,
2022-10-11,21:08:48,2h 24m,1,Preacher Curl (Barbell),30.0,6,,0,Zbar ile. İsmi farklı . Sor 
2022-10-11,21:08:48,2h 24m,2,Preacher Curl (Barbell),35.0,6,,0,
2022-10-11,21:08:48,2h 24m,3,Preacher Curl (Barbell),35.0,6,,0,
2022-10-11,21:08:48,2h 24m,1,Heel Touch & Mekik ,0,15,,0,15/15 x3
2022-10-11,21:08:48,2h 24m,2,Heel Touch & Mekik ,0,15,9.5,0,
2022-10-11,21:08:48,2h 24m,3,Heel Touch & Mekik ,0,15,,0,
2022-10-11,21:08:48,2h 24m,1,Russian Twist,0,15,,0,Superset with below
2022-10-11,21:08:48,2h 24m,2,Russian Twist,0,15,,0,
2022-10-11,21:08:48,2h 24m,3,Russian Twist,0,15,7.5,0,
2022-10-11,21:08:48,2h 24m,1,Reaching Crunch ,1.0,15,,0,AB crunch gibi ama kollar düz ayaklara bakarken topuklara reach gibi. Dizler de büküp çek onlara doğru 
2022-10-11,21:08:48,2h 24m,2,Reaching Crunch ,1.0,15,,0,
2022-10-11,21:08:48,2h 24m,3,Reaching Crunch ,1.0,15,10,0,
2022-10-11,21:08:48,2h 24m,1,Elliptical Machine,0,0,,1200,
2022-10-13,21:29:47,59m,1,Leg Press,120.0,8,8,0,8-8-12-15
2022-10-13,21:29:47,59m,2,Leg Press,120.0,8,8,0,
2022-10-13,21:29:47,59m,3,Leg Press,120.0,12,9,0,
2022-10-13,21:29:47,59m,4,Leg Press,120.0,15,9,0,
2022-10-13,21:29:47,59m,1,Hip Thrust (Barbell),60.0,10,,0,12x3
2022-10-13,21:29:47,59m,2,Hip Thrust (Barbell),60.0,12,,0,
2022-10-13,21:29:47,59m,3,Hip Thrust (Barbell),60.0,12,9,0,
2022-10-13,21:29:47,59m,1,Dumpbell Split Squat,15.0,10,,0,Her iki taraf için\n10x3
2022-10-13,21:29:47,59m,2,Dumpbell Split Squat,15.0,10,,0,
2022-10-13,21:29:47,59m,3,Dumpbell Split Squat,15.0,10,,0,
2022-10-13,21:29:47,59m,1,Seated Leg Curl (Machine),50.0,12,,0,12x3 ayarlar 3-4-5
2022-10-13,21:29:47,59m,2,Seated Leg Curl (Machine),43.0,12,,0,
2022-10-13,21:29:47,59m,3,Seated Leg Curl (Machine),43.0,12,,0,
2022-10-13,21:29:47,59m,1,Leg Extension (Machine),97.0,12,10,0,12x3. Kontrollü bi şekilde . 
2022-10-13,21:29:47,59m,2,Leg Extension (Machine),90.0,12,,0,
2022-10-13,21:29:47,59m,3,Leg Extension (Machine),77.0,11,10,0,
2022-10-13,21:29:47,59m,1,Standing Calf Raise (Smith Machine),40.0,15,,0,15x3
2022-10-13,21:29:47,59m,2,Standing Calf Raise (Smith Machine),40.0,15,8,0,
2022-10-13,21:29:47,59m,3,Standing Calf Raise (Smith Machine),50.0,15,9.5,0,
2022-10-13,21:29:47,59m,1,Elliptical Machine,0,0,,1200,
2022-10-16,15:47:42,1h 53m,1,Bench Press (Barbell),45.0,8,,0,8-8-12-12
2022-10-16,15:47:42,1h 53m,2,Bench Press (Barbell),55.0,8,,0,
2022-10-16,15:47:42,1h 53m,3,Bench Press (Barbell),55.0,12,,0,
2022-10-16,15:47:42,1h 53m,4,Bench Press (Barbell),55.0,12,,0,
2022-10-16,15:47:42,1h 53m,1,Cable Crossover,9.3,8,,0,"3x8 makara en üstte. Göğsünü sık aşağı indir ipi .Küçük 9.3 kg , büyük 18 kg"
2022-10-16,15:47:42,1h 53m,2,Cable Crossover,18.0,8,,0,
2022-10-16,15:47:42,1h 53m,3,Cable Crossover,18.0,8,,0,
2022-10-16,15:47:42,1h 53m,1,Incline Chest Press (Machine),17.5,10,9,0,10x3
2022-10-16,15:47:42,1h 53m,2,Incline Chest Press (Machine),17.5,10,9,0,
2022-10-16,15:47:42,1h 53m,3,Incline Chest Press (Machine),17.5,10,9,0,
2022-10-16,15:47:42,1h 53m,1,Shoulder Press (Machine),23.0,12,9,0,12x4
2022-10-16,15:47:42,1h 53m,2,Shoulder Press (Machine),23.0,12,8,0,
2022-10-16,15:47:42,1h 53m,3,Shoulder Press (Machine),29.0,12,8.5,0,
2022-10-16,15:47:42,1h 53m,4,Shoulder Press (Machine),29.0,12,,0,
2022-10-16,15:47:42,1h 53m,1,Lateral Raise (Dumbbell),7.5,8,,0,12x3
2022-10-16,15:47:42,1h 53m,2,Lateral Raise (Dumbbell),10.0,11,10,0,
2022-10-16,15:47:42,1h 53m,3,Lateral Raise (Dumbbell),10.0,11,,0,
2022-10-16,15:47:42,1h 53m,1,Triceps Pushdown (Cable - Straight Bar),18.0,12,8,0,Rope 12x3
2022-10-16,15:47:42,1h 53m,2,Triceps Pushdown (Cable - Straight Bar),18.0,12,8,0,
2022-10-16,15:47:42,1h 53m,3,Triceps Pushdown (Cable - Straight Bar),23.0,11,9.5,0,
2022-10-16,15:47:42,1h 53m,1,Triceps Pushdown (Cable - Straight Bar),18.0,12,,0,V bar 12x3 
2022-10-16,15:47:42,1h 53m,2,Triceps Pushdown (Cable - Straight Bar),18.0,12,,0,
2022-10-16,15:47:42,1h 53m,3,Triceps Pushdown (Cable - Straight Bar),23.0,12,,0,
2022-10-16,15:47:42,1h 53m,1,Leg Raise,0,15,,0,15x3 düz bacaklar 90 derece 
2022-10-16,15:47:42,1h 53m,2,Leg Raise,0,15,,0,
2022-10-16,15:47:42,1h 53m,3,Leg Raise,0,15,,0,
2022-10-16,15:47:42,1h 53m,1,Heel Touch & Mekik ,0,15,,0,No mekik 4x20
2022-10-16,15:47:42,1h 53m,2,Heel Touch & Mekik ,0,15,,0,
2022-10-16,15:47:42,1h 53m,3,Heel Touch & Mekik ,0,15,,0,
2022-10-16,15:47:42,1h 53m,4,Heel Touch & Mekik ,0,15,,0,
2022-10-16,15:47:42,1h 53m,1,Running (Treadmill),0,0,,1200,
2022-10-17,22:13:43,46h 47m,1,Lat Pulldown (Cable),52.0,10,,0,
2022-10-17,22:13:43,46h 47m,2,Lat Pulldown (Cable),52.0,10,,0,
2022-10-17,22:13:43,46h 47m,3,Lat Pulldown (Cable),52.0,10,,0,
2022-10-17,22:13:43,46h 47m,4,Lat Pulldown (Cable),52.0,8,10,0,
2022-10-17,22:13:43,46h 47m,1,Iso-Lateral Row (Machine),39.0,8,,0,
2022-10-17,22:13:43,46h 47m,2,Iso-Lateral Row (Machine),45.0,8,,0,
2022-10-17,22:13:43,46h 47m,3,Iso-Lateral Row (Machine),45.0,8,8,0,
2022-10-17,22:13:43,46h 47m,4,Iso-Lateral Row (Machine),52.0,8,8.5,0,
2022-10-17,22:13:43,46h 47m,1,Reverse Grip Lat Pulldown,45.0,12,8.5,0,
2022-10-17,22:13:43,46h 47m,2,Reverse Grip Lat Pulldown,45.0,12,8.5,0,
2022-10-17,22:13:43,46h 47m,3,Reverse Grip Lat Pulldown,45.0,11,10,0,
2022-10-17,22:13:43,46h 47m,1,Bent Over One Arm Row (Dumbbell),12.5,12,8.5,0,
2022-10-17,22:13:43,46h 47m,2,Bent Over One Arm Row (Dumbbell),12.5,12,,0,
2022-10-17,22:13:43,46h 47m,3,Bent Over One Arm Row (Dumbbell),15.0,12,8.5,0,
2022-10-17,22:13:43,46h 47m,1,Straight Arm Pulldown,23.0,12,8,0,15x3
2022-10-17,22:13:43,46h 47m,2,Straight Arm Pulldown,23.0,15,8.5,0,
2022-10-17,22:13:43,46h 47m,3,Straight Arm Pulldown,27.0,15,8.5,0,
2022-10-17,22:13:43,46h 47m,1,Dumpbell Bentover Rear Lat Raise,7.5,12,9,0,
2022-10-17,22:13:43,46h 47m,2,Dumpbell Bentover Rear Lat Raise,7.5,12,8.5,0,
2022-10-17,22:13:43,46h 47m,3,Dumpbell Bentover Rear Lat Raise,7.5,12,8.5,0,
2022-10-17,22:13:43,46h 47m,1,Hammer Curl (Cable),14.7,12,8.5,0,
2022-10-17,22:13:43,46h 47m,2,Hammer Curl (Cable),17.0,12,,0,
2022-10-17,22:13:43,46h 47m,3,Hammer Curl (Cable),17.0,12,,0,
2022-10-17,22:13:43,46h 47m,1,Preacher Curl (Barbell),35.0,6,10,0,
2022-10-17,22:13:43,46h 47m,2,Preacher Curl (Barbell),35.0,6,,0,
2022-10-17,22:13:43,46h 47m,3,Preacher Curl (Barbell),35.0,6,,0,
2022-10-17,22:13:43,46h 47m,1,Heel Touch & Mekik ,0,15,,0,
2022-10-17,22:13:43,46h 47m,2,Heel Touch & Mekik ,0,15,9.5,0,
2022-10-17,22:13:43,46h 47m,3,Heel Touch & Mekik ,0,15,,0,
2022-10-17,22:13:43,46h 47m,1,Russian Twist,0,15,,0,
2022-10-17,22:13:43,46h 47m,2,Russian Twist,0,15,,0,
2022-10-17,22:13:43,46h 47m,3,Russian Twist,0,15,7.5,0,
2022-10-17,22:13:43,46h 47m,1,Reaching Crunch ,1.0,15,,0,
2022-10-17,22:13:43,46h 47m,2,Reaching Crunch ,1.0,15,,0,
2022-10-17,22:13:43,46h 47m,3,Reaching Crunch ,1.0,15,10,0,
2022-10-19,21:03:39,1h 51m,1,Bench Press (Barbell),60.0,8,9.5,0,"8,8,12,12"
2022-10-19,21:03:39,1h 51m,2,Bench Press (Barbell),60.0,7,10,0,
2022-10-19,21:03:39,1h 51m,3,Bench Press (Barbell),50.0,8,10,0,
2022-10-19,21:03:39,1h 51m,4,Bench Press (Barbell),50.0,11,10,0,
2022-10-19,21:03:39,1h 51m,1,Cable Crossover,18.0,8,,0,10x3
2022-10-19,21:03:39,1h 51m,2,Cable Crossover,18.0,8,,0,
2022-10-19,21:03:39,1h 51m,3,Cable Crossover,18.0,8,,0,
2022-10-19,21:03:39,1h 51m,1,Incline Chest Press (Machine),20.0,8,9,0,Dumble 17.5 \nMakine 60 kg
2022-10-19,21:03:39,1h 51m,2,Incline Chest Press (Machine),20.0,10,9,0,
2022-10-19,21:03:39,1h 51m,3,Incline Chest Press (Machine),17.5,10,9,0,
2022-10-19,21:03:39,1h 51m,1,Shoulder Press (Machine),23.0,12,9,0,4x12\nBenchle bileğim incindi 
2022-10-19,21:03:39,1h 51m,2,Shoulder Press (Machine),29.0,12,9.5,0,
2022-10-19,21:03:39,1h 51m,3,Shoulder Press (Machine),29.0,9,10,0,
2022-10-19,21:03:39,1h 51m,4,Shoulder Press (Machine),29.0,12,,0,
2022-10-19,21:03:39,1h 51m,1,Lateral Raise (Dumbbell),7.5,12,,0,
2022-10-19,21:03:39,1h 51m,2,Lateral Raise (Dumbbell),7.5,12,10,0,
2022-10-19,21:03:39,1h 51m,3,Lateral Raise (Dumbbell),7.5,12,,0,
2022-10-19,21:03:39,1h 51m,1,Triceps Pushdown (Cable - Straight Bar),18.0,12,8,0,İple aşağı . Dirseğim acıdı 27 kgde
2022-10-19,21:03:39,1h 51m,2,Triceps Pushdown (Cable - Straight Bar),23.0,12,8,0,
2022-10-19,21:03:39,1h 51m,3,Triceps Pushdown (Cable - Straight Bar),27.0,12,8.5,0,
2022-10-19,21:03:39,1h 51m,1,Triceps Pushdown (Cable - Straight Bar),23.0,12,8.5,0,12x3
2022-10-19,21:03:39,1h 51m,2,Triceps Pushdown (Cable - Straight Bar),27.0,12,8.5,0,
2022-10-19,21:03:39,1h 51m,3,Triceps Pushdown (Cable - Straight Bar),32.0,12,8.5,0,
2022-10-19,21:03:39,1h 51m,1,Leg Raise,0,15,,0,
2022-10-19,21:03:39,1h 51m,2,Leg Raise,0,15,,0,
2022-10-19,21:03:39,1h 51m,3,Leg Raise,0,15,,0,
2022-10-19,21:03:39,1h 51m,1,Heel Touch & Mekik ,0,20,,0,Sadece Heel touch 4x20
2022-10-19,21:03:39,1h 51m,2,Heel Touch & Mekik ,0,20,,0,
2022-10-19,21:03:39,1h 51m,3,Heel Touch & Mekik ,0,20,,0,
2022-10-19,21:03:39,1h 51m,4,Heel Touch & Mekik ,0,20,,0,
2022-10-19,21:03:39,1h 51m,1,Running (Treadmill),0,0,,1200,
2022-10-24,21:14:59,2h 1m,1,Lat Pulldown (Cable),52.0,10,,0,
2022-10-24,21:14:59,2h 1m,2,Lat Pulldown (Cable),52.0,10,,0,
2022-10-24,21:14:59,2h 1m,3,Lat Pulldown (Cable),52.0,9,,0,
2022-10-24,21:14:59,2h 1m,4,Lat Pulldown (Cable),52.0,10,10,0,
2022-10-24,21:14:59,2h 1m,1,Iso-Lateral Row (Machine),39.0,8,,0,
2022-10-24,21:14:59,2h 1m,2,Iso-Lateral Row (Machine),45.0,8,,0,
2022-10-24,21:14:59,2h 1m,3,Iso-Lateral Row (Machine),52.0,8,8,0,
2022-10-24,21:14:59,2h 1m,4,Iso-Lateral Row (Machine),52.0,8,8.5,0,
2022-10-24,21:14:59,2h 1m,1,Reverse Grip Lat Pulldown,45.0,12,8.5,0,
2022-10-24,21:14:59,2h 1m,2,Reverse Grip Lat Pulldown,45.0,12,8.5,0,
2022-10-24,21:14:59,2h 1m,3,Reverse Grip Lat Pulldown,45.0,11,10,0,
2022-10-24,21:14:59,2h 1m,1,Bent Over One Arm Row (Dumbbell),17.5,12,8.5,0,12x3
2022-10-24,21:14:59,2h 1m,2,Bent Over One Arm Row (Dumbbell),17.5,12,,0,
2022-10-24,21:14:59,2h 1m,3,Bent Over One Arm Row (Dumbbell),17.5,12,8.5,0,
2022-10-24,21:14:59,2h 1m,1,Straight Arm Pulldown,23.0,12,8,0,15x3
2022-10-24,21:14:59,2h 1m,2,Straight Arm Pulldown,23.0,15,8.5,0,
2022-10-24,21:14:59,2h 1m,3,Straight Arm Pulldown,27.0,10,8.5,0,
2022-10-24,21:14:59,2h 1m,1,Dumpbell Bentover Rear Lat Raise,7.5,12,9,0,
2022-10-24,21:14:59,2h 1m,2,Dumpbell Bentover Rear Lat Raise,7.5,12,8.5,0,
2022-10-24,21:14:59,2h 1m,3,Dumpbell Bentover Rear Lat Raise,7.5,12,8.5,0,
2022-10-24,21:14:59,2h 1m,1,Hammer Curl (Cable),14.7,12,8.5,0,
2022-10-24,21:14:59,2h 1m,2,Hammer Curl (Cable),17.0,12,,0,
2022-10-24,21:14:59,2h 1m,3,Hammer Curl (Cable),17.0,12,,0,
2022-10-24,21:14:59,2h 1m,1,Preacher Curl (Barbell),35.0,5,10,0,3x6
2022-10-24,21:14:59,2h 1m,2,Preacher Curl (Barbell),30.0,6,,0,
2022-10-24,21:14:59,2h 1m,3,Preacher Curl (Barbell),35.0,6,,0,
2022-10-24,21:14:59,2h 1m,1,Heel Touch & Mekik ,0,15,,0,
2022-10-24,21:14:59,2h 1m,2,Heel Touch & Mekik ,0,15,9.5,0,
2022-10-24,21:14:59,2h 1m,3,Heel Touch & Mekik ,0,15,,0,
2022-10-24,21:14:59,2h 1m,1,Russian Twist,0,15,,0,
2022-10-24,21:14:59,2h 1m,2,Russian Twist,0,15,,0,
2022-10-24,21:14:59,2h 1m,3,Russian Twist,0,15,7.5,0,
2022-10-24,21:14:59,2h 1m,1,Reaching Crunch ,1.0,15,,0,
2022-10-24,21:14:59,2h 1m,2,Reaching Crunch ,1.0,15,,0,
2022-10-24,21:14:59,2h 1m,3,Reaching Crunch ,1.0,15,10,0,
2022-10-24,21:14:59,2h 1m,1,Elliptical Machine,0,0,,1200,
2022-10-25,20:49:07,1h 39m,1,Leg Press,97.0,8,8,0,
2022-10-25,20:49:07,1h 39m,2,Leg Press,97.0,8,8,0,
2022-10-25,20:49:07,1h 39m,3,Leg Press,97.0,12,9,0,
2022-10-25,20:49:07,1h 39m,4,Leg Press,120.0,15,9,0,
2022-10-25,20:49:07,1h 39m,1,Hip Thrust (Barbell),60.0,10,,0,12x3
2022-10-25,20:49:07,1h 39m,2,Hip Thrust (Barbell),60.0,12,,0,
2022-10-25,20:49:07,1h 39m,3,Hip Thrust (Barbell),60.0,12,9,0,
2022-10-25,20:49:07,1h 39m,1,Dumpbell Split Squat,15.0,9,10,0,10x3
2022-10-25,20:49:07,1h 39m,2,Dumpbell Split Squat,15.0,8,10,0,
2022-10-25,20:49:07,1h 39m,3,Dumpbell Split Squat,15.0,8,,0,
2022-10-25,20:49:07,1h 39m,1,Seated Leg Curl (Machine),43.0,12,,0,
2022-10-25,20:49:07,1h 39m,2,Seated Leg Curl (Machine),43.0,12,,0,
2022-10-25,20:49:07,1h 39m,3,Seated Leg Curl (Machine),43.0,12,,0,
2022-10-25,20:49:07,1h 39m,1,Leg Extension (Machine),77.0,11,10,0,
2022-10-25,20:49:07,1h 39m,2,Leg Extension (Machine),90.0,12,,0,
2022-10-25,20:49:07,1h 39m,3,Leg Extension (Machine),77.0,11,10,0,
2022-10-25,20:49:07,1h 39m,1,Standing Calf Raise (Smith Machine),40.0,15,,0,
2022-10-25,20:49:07,1h 39m,2,Standing Calf Raise (Smith Machine),40.0,15,8,0,
2022-10-25,20:49:07,1h 39m,3,Standing Calf Raise (Smith Machine),50.0,15,9.5,0,
2022-10-25,20:49:07,1h 39m,1,Elliptical Machine,0,0,,1200,
2022-10-28,20:32:40,4h,1,Warm Up,0,0,,60,
2022-10-28,20:32:40,4h,1,Incline Bench Press (Barbell),40.0,8,,0,3x8
2022-10-28,20:32:40,4h,2,Incline Bench Press (Barbell),50.0,8,9,0,
2022-10-28,20:32:40,4h,3,Incline Bench Press (Barbell),50.0,8,9.5,0,
2022-10-28,20:32:40,4h,1,Cable Crossover,18.0,7,10,0,Low setting \n12x3
2022-10-28,20:32:40,4h,2,Cable Crossover,14.0,12,8,0,
2022-10-28,20:32:40,4h,3,Cable Crossover,14.0,12,9.5,0,
2022-10-28,20:32:40,4h,1,Bent Over Row (Barbell),40.0,12,9.5,0,8x3
2022-10-28,20:32:40,4h,2,Bent Over Row (Barbell),45.0,8,9.5,0,
2022-10-28,20:32:40,4h,3,Bent Over Row (Barbell),45.0,8,8.5,0,
2022-10-28,20:32:40,4h,1,Lat Pulldown (Cable),52.0,12,,0,12x3
2022-10-28,20:32:40,4h,2,Lat Pulldown (Cable),50.0,12,,0,
2022-10-28,20:32:40,4h,3,Lat Pulldown (Cable),45.0,12,,0,
2022-10-28,20:32:40,4h,1,Lateral Raise (Dumbbell),7.5,12,8,0,
2022-10-28,20:32:40,4h,2,Lateral Raise (Dumbbell),10.0,12,9,0,
2022-10-28,20:32:40,4h,3,Lateral Raise (Dumbbell),10.0,12,,0,
2022-10-28,20:32:40,4h,1,Bicep Curl (Barbell),25.0,4,,0,8-8-12 ayakta 
2022-10-28,20:32:40,4h,2,Bicep Curl (Barbell),25.0,8,,0,
2022-10-28,20:32:40,4h,3,Bicep Curl (Barbell),20.0,12,,0,
2022-10-28,20:32:40,4h,1,Triceps Extension (Cable),17.0,8,,0,8-8-12 küçük alette kg ler 
2022-10-28,20:32:40,4h,2,Triceps Extension (Cable),17.0,8,,0,
2022-10-28,20:32:40,4h,3,Triceps Extension (Cable),19.3,12,,0,
2022-10-28,20:32:40,4h,1,Cable Crunch,26.1,15,,0,15-15-20
2022-10-28,20:32:40,4h,2,Cable Crunch,26.1,15,,0,
2022-10-28,20:32:40,4h,3,Cable Crunch,26.1,20,,0,
2022-10-28,20:32:40,4h,1,Elliptical Machine,0,0,,900,
2022-11-01,17:55:37,2h 21m,1,Lat Pulldown (Cable),52.0,10,,0,İçerde eller 
2022-11-01,17:55:37,2h 21m,2,Lat Pulldown (Cable),52.0,10,,0,
2022-11-01,17:55:37,2h 21m,3,Lat Pulldown (Cable),52.0,10,,0,
2022-11-01,17:55:37,2h 21m,4,Lat Pulldown (Cable),52.0,7,10,0,
2022-11-01,17:55:37,2h 21m,1,Iso-Lateral Row (Machine),52.0,8,,0,4x8
2022-11-01,17:55:37,2h 21m,2,Iso-Lateral Row (Machine),52.0,8,9.5,0,
2022-11-01,17:55:37,2h 21m,3,Iso-Lateral Row (Machine),45.0,8,8,0,
2022-11-01,17:55:37,2h 21m,4,Iso-Lateral Row (Machine),52.0,8,8.5,0,
2022-11-01,17:55:37,2h 21m,1,Reverse Grip Lat Pulldown,45.0,12,8.5,0,
2022-11-01,17:55:37,2h 21m,2,Reverse Grip Lat Pulldown,45.0,12,8.5,0,
2022-11-01,17:55:37,2h 21m,3,Reverse Grip Lat Pulldown,45.0,10,10,0,
2022-11-01,17:55:37,2h 21m,1,Bent Over One Arm Row (Dumbbell),17.5,12,8.5,0,
2022-11-01,17:55:37,2h 21m,2,Bent Over One Arm Row (Dumbbell),17.5,12,,0,
2022-11-01,17:55:37,2h 21m,3,Bent Over One Arm Row (Dumbbell),17.5,12,10,0,
2022-11-01,17:55:37,2h 21m,1,Straight Arm Pulldown,23.0,12,8,0,15x3
2022-11-01,17:55:37,2h 21m,2,Straight Arm Pulldown,23.0,9,10,0,
2022-11-01,17:55:37,2h 21m,3,Straight Arm Pulldown,27.0,10,10,0,
2022-11-01,17:55:37,2h 21m,1,Dumpbell Bentover Rear Lat Raise,7.5,12,9,0,
2022-11-01,17:55:37,2h 21m,2,Dumpbell Bentover Rear Lat Raise,7.5,12,8.5,0,
2022-11-01,17:55:37,2h 21m,3,Dumpbell Bentover Rear Lat Raise,7.5,12,8.5,0,
2022-11-01,17:55:37,2h 21m,1,Hammer Curl (Cable),14.7,12,8.5,0,
2022-11-01,17:55:37,2h 21m,2,Hammer Curl (Cable),14.7,12,,0,
2022-11-01,17:55:37,2h 21m,3,Hammer Curl (Cable),17.0,12,,0,
2022-11-01,17:55:37,2h 21m,1,Preacher Curl (Barbell),30.0,12,8,0,3x6
2022-11-01,17:55:37,2h 21m,2,Preacher Curl (Barbell),40.0,5,10,0,
2022-11-01,17:55:37,2h 21m,3,Preacher Curl (Barbell),35.0,5,10,0,
2022-11-01,17:55:37,2h 21m,4,Preacher Curl (Barbell),35.0,4,10,0,
2022-11-01,17:55:37,2h 21m,1,Heel Touch & Mekik ,0,15,,0,
2022-11-01,17:55:37,2h 21m,2,Heel Touch & Mekik ,0,15,9.5,0,
2022-11-01,17:55:37,2h 21m,3,Heel Touch & Mekik ,0,15,,0,
2022-11-01,17:55:37,2h 21m,1,Russian Twist,0,15,,0,
2022-11-01,17:55:37,2h 21m,2,Russian Twist,0,15,,0,
2022-11-01,17:55:37,2h 21m,3,Russian Twist,0,15,7.5,0,
2022-11-01,17:55:37,2h 21m,1,Reaching Crunch ,1.0,15,,0,
2022-11-01,17:55:37,2h 21m,2,Reaching Crunch ,1.0,15,,0,
2022-11-01,17:55:37,2h 21m,3,Reaching Crunch ,1.0,15,10,0,
2022-11-01,17:55:37,2h 21m,1,Elliptical Machine,0,0,,1200,
2022-11-05,13:50:03,1h 46m,1,Bench Press (Barbell),60.0,8,9.5,0,8-8-12-12
2022-11-05,13:50:03,1h 46m,2,Bench Press (Barbell),50.0,8,10,0,
2022-11-05,13:50:03,1h 46m,3,Bench Press (Barbell),50.0,12,9.5,0,
2022-11-05,13:50:03,1h 46m,4,Bench Press (Barbell),50.0,8,10,0,
2022-11-05,13:50:03,1h 46m,1,Cable Crossover,18.0,8,6.5,0,
2022-11-05,13:50:03,1h 46m,2,Cable Crossover,18.0,8,7.5,0,
2022-11-05,13:50:03,1h 46m,3,Cable Crossover,18.0,8,,0,
2022-11-05,13:50:03,1h 46m,1,Incline Chest Press (Machine),20.0,10,9,0,
2022-11-05,13:50:03,1h 46m,2,Incline Chest Press (Machine),20.0,10,9,0,
2022-11-05,13:50:03,1h 46m,3,Incline Chest Press (Machine),20.0,10,9,0,
2022-11-05,13:50:03,1h 46m,1,Shoulder Press (Machine),23.0,12,9,0,
2022-11-05,13:50:03,1h 46m,2,Shoulder Press (Machine),29.0,12,9.5,0,
2022-11-05,13:50:03,1h 46m,3,Shoulder Press (Machine),29.0,9,10,0,
2022-11-05,13:50:03,1h 46m,4,Shoulder Press (Machine),29.0,9,10,0,
2022-11-05,13:50:03,1h 46m,1,Lateral Raise (Dumbbell),10.0,12,,0,
2022-11-05,13:50:03,1h 46m,2,Lateral Raise (Dumbbell),10.0,12,9,0,
2022-11-05,13:50:03,1h 46m,3,Lateral Raise (Dumbbell),10.0,10,10,0,
2022-11-05,13:50:03,1h 46m,1,Triceps Pushdown (Cable - Straight Bar),19.3,12,8,0,
2022-11-05,13:50:03,1h 46m,2,Triceps Pushdown (Cable - Straight Bar),19.3,12,8,0,
2022-11-05,13:50:03,1h 46m,3,Triceps Pushdown (Cable - Straight Bar),21.6,12,9.5,0,
2022-11-05,13:50:03,1h 46m,1,Triceps Pushdown (Cable - Straight Bar),23.0,12,8.5,0,
2022-11-05,13:50:03,1h 46m,2,Triceps Pushdown (Cable - Straight Bar),23.0,9,10,0,
2022-11-05,13:50:03,1h 46m,3,Triceps Pushdown (Cable - Straight Bar),21.6,9,10,0,
2022-11-05,13:50:03,1h 46m,1,Heel Touch & Mekik ,0,15,,0,
2022-11-05,13:50:03,1h 46m,2,Heel Touch & Mekik ,0,16,,0,
2022-11-05,13:50:03,1h 46m,3,Heel Touch & Mekik ,0,20,,0,
2022-11-07,22:20:28,68h 30m,1,Leg Press,140.0,8,8,0,
2022-11-07,22:20:28,68h 30m,2,Leg Press,100.0,8,7,0,
2022-11-07,22:20:28,68h 30m,3,Leg Press,100.0,12,9,0,
2022-11-07,22:20:28,68h 30m,4,Leg Press,120.0,15,8,0,
2022-11-07,22:20:28,68h 30m,1,Hip Thrust (Barbell),70.0,12,,0,
2022-11-07,22:20:28,68h 30m,2,Hip Thrust (Barbell),70.0,12,,0,
2022-11-07,22:20:28,68h 30m,3,Hip Thrust (Barbell),70.0,12,9,0,
2022-11-07,22:20:28,68h 30m,1,Dumpbell Split Squat,15.0,10,10,0,10x3
2022-11-07,22:20:28,68h 30m,2,Dumpbell Split Squat,15.0,10,10,0,
2022-11-07,22:20:28,68h 30m,3,Dumpbell Split Squat,15.0,8,,0,
2022-11-07,22:20:28,68h 30m,1,Seated Leg Curl (Machine),43.0,12,,0,
2022-11-07,22:20:28,68h 30m,2,Seated Leg Curl (Machine),43.0,12,,0,
2022-11-07,22:20:28,68h 30m,3,Seated Leg Curl (Machine),50.0,12,8,0,
2022-11-07,22:20:28,68h 30m,1,Leg Extension (Machine),77.0,12,10,0,
2022-11-07,22:20:28,68h 30m,2,Leg Extension (Machine),90.0,12,,0,
2022-11-07,22:20:28,68h 30m,3,Leg Extension (Machine),77.0,12,9,0,
2022-11-07,22:20:28,68h 30m,1,Standing Calf Raise (Smith Machine),80.0,15,,0,
2022-11-07,22:20:28,68h 30m,2,Standing Calf Raise (Smith Machine),80.0,15,8,0,
2022-11-07,22:20:28,68h 30m,3,Standing Calf Raise (Smith Machine),80.0,15,9.5,0,
2022-11-07,22:20:28,68h 30m,1,Elliptical Machine,0,0,,1200,
2022-11-10,18:52:19,1h 47m,1,Bench Press (Barbell),50.0,8,9.5,0,8-8-12-12
2022-11-10,18:52:19,1h 47m,2,Bench Press (Barbell),50.0,8,10,0,
2022-11-10,18:52:19,1h 47m,3,Bench Press (Barbell),50.0,12,9.5,0,
2022-11-10,18:52:19,1h 47m,4,Bench Press (Barbell),50.0,8,10,0,
2022-11-10,18:52:19,1h 47m,1,Cable Crossover,18.0,12,6.5,0,
2022-11-10,18:52:19,1h 47m,2,Cable Crossover,24.0,6,10,0,
2022-11-10,18:52:19,1h 47m,3,Cable Crossover,18.0,7,,0,
2022-11-10,18:52:19,1h 47m,1,Incline Chest Press (Machine),20.0,10,9,0,
2022-11-10,18:52:19,1h 47m,2,Incline Chest Press (Machine),20.0,8,9,0,
2022-11-10,18:52:19,1h 47m,3,Incline Chest Press (Machine),20.0,9,10,0,
2022-11-10,18:52:19,1h 47m,1,Shoulder Press (Machine),23.0,12,9,0,
2022-11-10,18:52:19,1h 47m,2,Shoulder Press (Machine),29.0,12,9.5,0,
2022-11-10,18:52:19,1h 47m,3,Shoulder Press (Machine),29.0,9,10,0,
2022-11-10,18:52:19,1h 47m,4,Shoulder Press (Machine),29.0,9,10,0,
2022-11-10,18:52:19,1h 47m,1,Lateral Raise (Dumbbell),10.0,12,,0,
2022-11-10,18:52:19,1h 47m,2,Lateral Raise (Dumbbell),10.0,12,9,0,
2022-11-10,18:52:19,1h 47m,3,Lateral Raise (Dumbbell),10.0,10,10,0,
2022-11-10,18:52:19,1h 47m,1,Triceps Pushdown (Cable - Straight Bar),21.6,12,8,0,
2022-11-10,18:52:19,1h 47m,2,Triceps Pushdown (Cable - Straight Bar),21.6,12,8,0,
2022-11-10,18:52:19,1h 47m,3,Triceps Pushdown (Cable - Straight Bar),21.6,12,9.5,0,
2022-11-10,18:52:19,1h 47m,1,Triceps Pushdown (Cable - Straight Bar),23.0,12,8.5,0,
2022-11-10,18:52:19,1h 47m,2,Triceps Pushdown (Cable - Straight Bar),23.0,9,10,0,
2022-11-10,18:52:19,1h 47m,3,Triceps Pushdown (Cable - Straight Bar),21.6,9,10,0,
2022-11-10,18:52:19,1h 47m,1,Heel Touch & Mekik ,0,15,,0,
2022-11-10,18:52:19,1h 47m,2,Heel Touch & Mekik ,0,16,,0,
2022-11-10,18:52:19,1h 47m,3,Heel Touch & Mekik ,0,20,,0,
2022-11-14,5:20:48,1h 28m,1,Lat Pulldown (Cable),52.0,10,,0,
2022-11-14,5:20:48,1h 28m,2,Lat Pulldown (Cable),52.0,10,,0,
2022-11-14,5:20:48,1h 28m,3,Lat Pulldown (Cable),52.0,10,,0,
2022-11-14,5:20:48,1h 28m,4,Lat Pulldown (Cable),52.0,10,10,0,
2022-11-14,5:20:48,1h 28m,1,Iso-Lateral Row (Machine),52.0,8,,0,
2022-11-14,5:20:48,1h 28m,2,Iso-Lateral Row (Machine),52.0,8,9.5,0,
2022-11-14,5:20:48,1h 28m,3,Iso-Lateral Row (Machine),45.0,8,8,0,
2022-11-14,5:20:48,1h 28m,4,Iso-Lateral Row (Machine),52.0,8,8.5,0,
2022-11-14,5:20:48,1h 28m,1,Reverse Grip Lat Pulldown,45.0,12,8.5,0,
2022-11-14,5:20:48,1h 28m,2,Reverse Grip Lat Pulldown,47.5,12,8.5,0,
2022-11-14,5:20:48,1h 28m,3,Reverse Grip Lat Pulldown,47.5,10,10,0,
2022-11-14,5:20:48,1h 28m,1,Bent Over One Arm Row (Dumbbell),17.5,12,8.5,0,
2022-11-14,5:20:48,1h 28m,2,Bent Over One Arm Row (Dumbbell),17.5,12,,0,
2022-11-14,5:20:48,1h 28m,3,Bent Over One Arm Row (Dumbbell),17.5,12,10,0,
2022-11-14,5:20:48,1h 28m,1,Straight Arm Pulldown,23.0,12,8,0,
2022-11-14,5:20:48,1h 28m,2,Straight Arm Pulldown,23.0,9,10,0,
2022-11-14,5:20:48,1h 28m,3,Straight Arm Pulldown,27.0,10,10,0,
2022-11-14,5:20:48,1h 28m,1,Dumpbell Bentover Rear Lat Raise,7.5,12,9,0,
2022-11-14,5:20:48,1h 28m,2,Dumpbell Bentover Rear Lat Raise,7.5,12,8.5,0,
2022-11-14,5:20:48,1h 28m,3,Dumpbell Bentover Rear Lat Raise,7.5,12,8.5,0,
2022-11-14,5:20:48,1h 28m,1,Hammer Curl (Cable),14.7,12,8.5,0,
2022-11-14,5:20:48,1h 28m,2,Hammer Curl (Cable),14.7,12,,0,
2022-11-17,17:57:27,1h 7m,1,Bench Press (Barbell),50.0,8,9.5,0,
2022-11-17,17:57:27,1h 7m,1,Cable Crossover,18.0,12,6.5,0,
2022-11-17,17:57:27,1h 7m,2,Cable Crossover,22.5,12,9,0,
2022-11-17,17:57:27,1h 7m,3,Cable Crossover,22.5,12,9,0,
2022-11-17,17:57:27,1h 7m,4,Cable Crossover,27.5,12,9,0,
2022-11-17,17:57:27,1h 7m,1,Incline Chest Press (Machine),20.0,10,9,0,
2022-11-17,17:57:27,1h 7m,2,Incline Chest Press (Machine),20.0,10,9,0,
2022-11-17,17:57:27,1h 7m,3,Incline Chest Press (Machine),20.0,10,10,0,
2022-11-17,17:57:27,1h 7m,1,Shoulder Press (Machine),23.0,12,9,0,
2022-11-17,17:57:27,1h 7m,2,Shoulder Press (Machine),29.0,12,9.5,0,
2022-11-17,17:57:27,1h 7m,3,Shoulder Press (Machine),29.0,12,10,0,
2022-11-17,17:57:27,1h 7m,4,Shoulder Press (Machine),29.0,12,10,0,
2022-11-17,17:57:27,1h 7m,1,Lateral Raise (Dumbbell),10.0,12,,0,
2022-11-17,17:57:27,1h 7m,2,Lateral Raise (Dumbbell),10.0,12,9,0,
2022-11-17,17:57:27,1h 7m,3,Lateral Raise (Dumbbell),10.0,10,10,0,
2022-11-17,17:57:27,1h 7m,1,Triceps Pushdown (Cable - Straight Bar),21.6,12,8,0,
2022-11-17,17:57:27,1h 7m,2,Triceps Pushdown (Cable - Straight Bar),21.6,12,8,0,
2022-11-17,17:57:27,1h 7m,3,Triceps Pushdown (Cable - Straight Bar),21.6,12,9.5,0,
2022-11-17,17:57:27,1h 7m,1,Triceps Pushdown (Cable - Straight Bar),23.0,12,8.5,0,
2022-11-17,17:57:27,1h 7m,2,Triceps Pushdown (Cable - Straight Bar),23.0,12,10,0,
2022-11-17,17:57:27,1h 7m,3,Triceps Pushdown (Cable - Straight Bar),21.6,12,10,0,
2022-11-17,17:57:27,1h 7m,1,Heel Touch & Mekik ,0,15,,0,
2022-11-17,17:57:27,1h 7m,2,Heel Touch & Mekik ,0,16,,0,
2022-11-17,17:57:27,1h 7m,3,Heel Touch & Mekik ,0,20,,0,
2022-11-20,5:53:28,1h 13m,1,Bench Press (Barbell),50.0,8,9.5,0,
2022-11-20,5:53:28,1h 13m,2,Bench Press (Barbell),50.0,8,10,0,
2022-11-20,5:53:28,1h 13m,3,Bench Press (Barbell),50.0,8,9.5,0,
2022-11-20,5:53:28,1h 13m,1,Cable Crossover,18.0,12,6.5,0,
2022-11-20,5:53:28,1h 13m,2,Cable Crossover,24.0,6,10,0,
2022-11-20,5:53:28,1h 13m,3,Cable Crossover,18.0,7,,0,
2022-11-20,5:53:28,1h 13m,1,Incline Chest Press (Machine),20.0,10,9,0,
2022-11-20,5:53:28,1h 13m,2,Incline Chest Press (Machine),20.0,8,9,0,
2022-11-20,5:53:28,1h 13m,3,Incline Chest Press (Machine),20.0,9,10,0,
2022-11-20,5:53:28,1h 13m,1,Shoulder Press (Machine),23.0,12,9,0,
2022-11-20,5:53:28,1h 13m,2,Shoulder Press (Machine),29.0,12,9.5,0,
2022-11-20,5:53:28,1h 13m,3,Shoulder Press (Machine),29.0,9,10,0,
2022-11-20,5:53:28,1h 13m,4,Shoulder Press (Machine),29.0,9,10,0,
2022-11-20,5:53:28,1h 13m,1,Triceps Pushdown (Cable - Straight Bar),21.6,12,8,0,
2022-11-20,5:53:28,1h 13m,2,Triceps Pushdown (Cable - Straight Bar),21.6,12,8,0,
2022-11-20,5:53:28,1h 13m,3,Triceps Pushdown (Cable - Straight Bar),21.6,12,9.5,0,
2022-11-22,1:05:27,1h 6m,1,Lat Pulldown (Cable),52.0,10,,0,
2022-11-22,1:05:27,1h 6m,2,Lat Pulldown (Cable),52.0,10,,0,
2022-11-22,1:05:27,1h 6m,3,Lat Pulldown (Cable),52.0,9,,0,
2022-11-22,1:05:27,1h 6m,4,Lat Pulldown (Cable),52.0,9,10,0,
2022-11-22,1:05:27,1h 6m,1,Iso-Lateral Row (Machine),52.0,8,,0,
2022-11-22,1:05:27,1h 6m,2,Iso-Lateral Row (Machine),52.0,8,9.5,0,
2022-11-22,1:05:27,1h 6m,3,Iso-Lateral Row (Machine),52.0,8,8,0,
2022-11-22,1:05:27,1h 6m,4,Iso-Lateral Row (Machine),52.0,8,8.5,0,
2022-11-22,1:05:27,1h 6m,1,Reverse Grip Lat Pulldown,45.0,12,8.5,0,
2022-11-22,1:05:27,1h 6m,2,Reverse Grip Lat Pulldown,45.0,12,8.5,0,
2022-11-22,1:05:27,1h 6m,3,Reverse Grip Lat Pulldown,45.0,10,10,0,
2022-11-22,1:05:27,1h 6m,1,Bent Over One Arm Row (Dumbbell),17.5,12,8.5,0,
2022-11-22,1:05:27,1h 6m,2,Bent Over One Arm Row (Dumbbell),17.5,12,,0,
2022-11-22,1:05:27,1h 6m,3,Bent Over One Arm Row (Dumbbell),17.5,12,10,0,
2022-11-22,1:05:27,1h 6m,1,Straight Arm Pulldown,23.0,12,8,0,
2022-11-22,1:05:27,1h 6m,2,Straight Arm Pulldown,23.0,12,10,0,
2022-11-22,1:05:27,1h 6m,3,Straight Arm Pulldown,27.0,12,10,0,
2022-11-22,1:05:27,1h 6m,1,Dumpbell Bentover Rear Lat Raise,7.5,12,9,0,
2022-11-22,1:05:27,1h 6m,2,Dumpbell Bentover Rear Lat Raise,7.5,12,8.5,0,
2022-11-22,1:05:27,1h 6m,3,Dumpbell Bentover Rear Lat Raise,7.5,12,8.5,0,
2022-11-22,1:05:27,1h 6m,1,Hammer Curl (Cable),14.7,12,8.5,0,
2022-11-22,1:05:27,1h 6m,2,Hammer Curl (Cable),14.7,12,,0,
2022-11-22,1:05:27,1h 6m,3,Hammer Curl (Cable),17.0,12,,0,
2022-11-22,1:05:27,1h 6m,1,Preacher Curl (Barbell),30.0,12,8,0,
2022-11-22,1:05:27,1h 6m,2,Preacher Curl (Barbell),40.0,9,10,0,
2022-11-22,1:05:27,1h 6m,3,Preacher Curl (Barbell),35.0,9,10,0,
2022-11-27,17:18:37,1h 30m,1,Bench Press (Barbell),50.0,8,9.5,0,
2022-11-27,17:18:37,1h 30m,2,Bench Press (Barbell),55.0,8,10,0,
2022-11-27,17:18:37,1h 30m,3,Bench Press (Barbell),55.0,8,9.5,0,
2022-11-27,17:18:37,1h 30m,4,Bench Press (Barbell),55.0,8,10,0,
2022-11-27,17:18:37,1h 30m,1,Cable Crossover,18.0,12,6.5,0,
2022-11-27,17:18:37,1h 30m,2,Cable Crossover,18.0,12,10,0,
2022-11-27,17:18:37,1h 30m,3,Cable Crossover,18.0,12,,0,
2022-11-27,17:18:37,1h 30m,1,Incline Chest Press (Machine),20.0,10,9,0,
2022-11-27,17:18:37,1h 30m,2,Incline Chest Press (Machine),22.5,10,9,0,
2022-11-27,17:18:37,1h 30m,3,Incline Chest Press (Machine),22.5,10,10,0,
2022-11-27,17:18:37,1h 30m,1,Shoulder Press (Machine),29.0,12,9,0,
2022-11-27,17:18:37,1h 30m,2,Shoulder Press (Machine),29.0,12,9.5,0,
2022-11-27,17:18:37,1h 30m,3,Shoulder Press (Machine),29.0,12,10,0,
2022-11-27,17:18:37,1h 30m,4,Shoulder Press (Machine),29.0,12,10,0,
2022-11-27,17:18:37,1h 30m,1,Lateral Raise (Dumbbell),12.5,12,,0,
2022-11-27,17:18:37,1h 30m,2,Lateral Raise (Dumbbell),12.5,12,9,0,
2022-11-27,17:18:37,1h 30m,3,Lateral Raise (Dumbbell),12.5,10,10,0,
2022-11-27,17:18:37,1h 30m,1,Triceps Pushdown (Cable - Straight Bar),21.6,12,8,0,
2022-11-27,17:18:37,1h 30m,2,Triceps Pushdown (Cable - Straight Bar),23.8,12,8,0,
2022-11-27,17:18:37,1h 30m,3,Triceps Pushdown (Cable - Straight Bar),21.6,12,9.5,0,
2022-11-27,17:18:37,1h 30m,1,Triceps Pushdown (Cable - Straight Bar),26.1,12,8.5,0,
2022-11-27,17:18:37,1h 30m,2,Triceps Pushdown (Cable - Straight Bar),26.1,12,10,0,
2022-11-27,17:18:37,1h 30m,3,Triceps Pushdown (Cable - Straight Bar),26.1,11,10,0,
2022-11-27,17:18:37,1h 30m,1,Heel Touch & Mekik ,0,15,,0,
2022-11-27,17:18:37,1h 30m,2,Heel Touch & Mekik ,0,16,,0,
2022-11-27,17:18:37,1h 30m,3,Heel Touch & Mekik ,0,20,,0,
2022-11-29,19:46:41,1h 41m,1,Lat Pulldown (Cable),52.0,10,,0,
2022-11-29,19:46:41,1h 41m,2,Lat Pulldown (Cable),59.0,10,,0,
2022-11-29,19:46:41,1h 41m,3,Lat Pulldown (Cable),52.0,10,,0,
2022-11-29,19:46:41,1h 41m,4,Lat Pulldown (Cable),52.0,9,10,0,
2022-11-29,19:46:41,1h 41m,1,Iso-Lateral Row (Machine),52.0,8,,0,
2022-11-29,19:46:41,1h 41m,2,Iso-Lateral Row (Machine),52.0,8,9.5,0,
2022-11-29,19:46:41,1h 41m,3,Iso-Lateral Row (Machine),52.0,8,8,0,
2022-11-29,19:46:41,1h 41m,4,Iso-Lateral Row (Machine),59.0,8,8.5,0,
2022-11-29,19:46:41,1h 41m,1,Reverse Grip Lat Pulldown,45.0,12,8.5,0,
2022-11-29,19:46:41,1h 41m,2,Reverse Grip Lat Pulldown,52.0,12,10,0,
2022-11-29,19:46:41,1h 41m,3,Reverse Grip Lat Pulldown,52.0,10,10,0,
2022-11-29,19:46:41,1h 41m,1,Bent Over One Arm Row (Dumbbell),17.5,12,8.5,0,
2022-11-29,19:46:41,1h 41m,2,Bent Over One Arm Row (Dumbbell),17.5,12,,0,
2022-11-29,19:46:41,1h 41m,3,Bent Over One Arm Row (Dumbbell),17.5,12,8.5,0,
2022-11-29,19:46:41,1h 41m,1,Straight Arm Pulldown,23.0,12,8,0,
2022-11-29,19:46:41,1h 41m,2,Straight Arm Pulldown,23.0,12,10,0,
2022-11-29,19:46:41,1h 41m,3,Straight Arm Pulldown,27.0,12,10,0,
2022-11-29,19:46:41,1h 41m,1,Dumpbell Bentover Rear Lat Raise,7.5,12,9,0,
2022-11-29,19:46:41,1h 41m,2,Dumpbell Bentover Rear Lat Raise,7.5,12,8.5,0,
2022-11-29,19:46:41,1h 41m,3,Dumpbell Bentover Rear Lat Raise,7.5,12,8.5,0,
2022-11-29,19:46:41,1h 41m,1,Hammer Curl (Cable),17.5,10,9.5,0,
2022-11-29,19:46:41,1h 41m,2,Hammer Curl (Cable),16.0,12,,0,
2022-11-29,19:46:41,1h 41m,3,Hammer Curl (Cable),17.0,12,,0,
2022-11-29,19:46:41,1h 41m,1,Preacher Curl (Barbell),46.0,8,8,0,
2022-11-29,19:46:41,1h 41m,2,Preacher Curl (Barbell),50.0,9,10,0,
2022-11-29,19:46:41,1h 41m,3,Preacher Curl (Barbell),50.0,9,10,0,
2022-11-29,19:46:41,1h 41m,4,Preacher Curl (Barbell),35.0,8,10,0,
2022-11-29,19:46:41,1h 41m,1,Heel Touch & Mekik ,0,15,,0,
2022-11-29,19:46:41,1h 41m,2,Heel Touch & Mekik ,0,15,9.5,0,
2022-11-29,19:46:41,1h 41m,3,Heel Touch & Mekik ,0,15,,0,
2022-11-29,19:46:41,1h 41m,1,Russian Twist,0,15,,0,
2022-11-29,19:46:41,1h 41m,2,Russian Twist,0,15,,0,
2022-11-29,19:46:41,1h 41m,3,Russian Twist,0,15,7.5,0,
2022-11-29,19:46:41,1h 41m,1,Reaching Crunch ,1.0,15,,0,
2022-11-29,19:46:41,1h 41m,2,Reaching Crunch ,1.0,15,,0,
2022-11-29,19:46:41,1h 41m,3,Reaching Crunch ,1.0,15,10,0,
2022-12-02,18:51:00,1h 18m,1,Leg Press,120.0,8,8,0,
2022-12-02,18:51:00,1h 18m,2,Leg Press,120.0,8,7,0,
2022-12-02,18:51:00,1h 18m,3,Leg Press,100.0,12,9,0,
2022-12-02,18:51:00,1h 18m,4,Leg Press,100.0,15,8,0,
2022-12-02,18:51:00,1h 18m,1,Hip Thrust (Barbell),60.0,12,8.5,0,
2022-12-02,18:51:00,1h 18m,2,Hip Thrust (Barbell),80.0,12,8.5,0,
2022-12-02,18:51:00,1h 18m,3,Hip Thrust (Barbell),80.0,12,9,0,
2022-12-02,18:51:00,1h 18m,1,Dumpbell Split Squat,17.5,10,10,0,
2022-12-02,18:51:00,1h 18m,2,Dumpbell Split Squat,17.5,10,10,0,
2022-12-02,18:51:00,1h 18m,3,Dumpbell Split Squat,17.5,10,,0,
2022-12-02,18:51:00,1h 18m,4,Dumpbell Split Squat,17.5,10,,0,
2022-12-02,18:51:00,1h 18m,1,Seated Leg Curl (Machine),50.0,12,,0,
2022-12-02,18:51:00,1h 18m,2,Seated Leg Curl (Machine),57.0,12,,0,
2022-12-02,18:51:00,1h 18m,3,Seated Leg Curl (Machine),57.0,12,8,0,
2022-12-02,18:51:00,1h 18m,1,Leg Extension (Machine),84.0,12,10,0,
2022-12-02,18:51:00,1h 18m,2,Leg Extension (Machine),84.0,10,10,0,
2022-12-02,18:51:00,1h 18m,3,Leg Extension (Machine),84.0,8,9,0,
2022-12-02,18:51:00,1h 18m,1,Standing Calf Raise (Smith Machine),80.0,15,,0,
2022-12-02,18:51:00,1h 18m,2,Standing Calf Raise (Smith Machine),90.0,15,8,0,
2022-12-02,18:51:00,1h 18m,3,Standing Calf Raise (Smith Machine),90.0,12,10,0,
2022-12-02,18:51:00,1h 18m,1,Elliptical Machine,0,0,,1200,
2022-12-05,18:27:47,1h 24m,1,Lat Pulldown (Cable),52.0,10,,0,
2022-12-05,18:27:47,1h 24m,2,Lat Pulldown (Cable),45.0,10,,0,
2022-12-05,18:27:47,1h 24m,3,Lat Pulldown (Cable),52.0,10,,0,
2022-12-05,18:27:47,1h 24m,4,Lat Pulldown (Cable),52.0,10,10,0,
2022-12-05,18:27:47,1h 24m,1,Iso-Lateral Row (Machine),52.0,8,,0,
2022-12-05,18:27:47,1h 24m,2,Iso-Lateral Row (Machine),52.0,8,9.5,0,
2022-12-05,18:27:47,1h 24m,3,Iso-Lateral Row (Machine),52.0,8,8,0,
2022-12-05,18:27:47,1h 24m,4,Iso-Lateral Row (Machine),59.0,8,8.5,0,
2022-12-05,18:27:47,1h 24m,1,Reverse Grip Lat Pulldown,52.0,12,8.5,0,
2022-12-05,18:27:47,1h 24m,2,Reverse Grip Lat Pulldown,52.0,12,10,0,
2022-12-05,18:27:47,1h 24m,3,Reverse Grip Lat Pulldown,52.0,8,10,0,
2022-12-05,18:27:47,1h 24m,1,Bent Over One Arm Row (Dumbbell),20.0,12,10,0,
2022-12-05,18:27:47,1h 24m,2,Bent Over One Arm Row (Dumbbell),20.0,12,,0,
2022-12-05,18:27:47,1h 24m,3,Bent Over One Arm Row (Dumbbell),20.0,12,8.5,0,
2022-12-05,18:27:47,1h 24m,1,Straight Arm Pulldown,28.0,12,8,0,Küçük alette çarpı 2 gibi yazıyorum 
2022-12-05,18:27:47,1h 24m,2,Straight Arm Pulldown,36.0,12,10,0,
2022-12-05,18:27:47,1h 24m,3,Straight Arm Pulldown,36.0,9,10,0,
2022-12-05,18:27:47,1h 24m,1,Dumpbell Bentover Rear Lat Raise,7.5,12,9,0,
2022-12-05,18:27:47,1h 24m,2,Dumpbell Bentover Rear Lat Raise,7.5,12,8.5,0,
2022-12-05,18:27:47,1h 24m,3,Dumpbell Bentover Rear Lat Raise,7.5,12,8.5,0,
2022-12-05,18:27:47,1h 24m,1,Hammer Curl (Cable),17.5,9,10,0,
2022-12-05,18:27:47,1h 24m,2,Hammer Curl (Cable),15.0,12,,0,
2022-12-05,18:27:47,1h 24m,3,Hammer Curl (Cable),15.0,8,,0,
2022-12-05,18:27:47,1h 24m,1,Preacher Curl (Barbell),35.0,8,8,0,
2022-12-05,18:27:47,1h 24m,2,Preacher Curl (Barbell),50.0,9,10,0,
2022-12-05,18:27:47,1h 24m,3,Preacher Curl (Barbell),50.0,9,10,0,
2022-12-06,18:14:33,2h 15m,1,Bench Press (Barbell),55.0,10,9.5,0,
2022-12-06,18:14:33,2h 15m,2,Bench Press (Barbell),55.0,8,8.5,0,
2022-12-06,18:14:33,2h 15m,3,Bench Press (Barbell),50.0,12,9.5,0,
2022-12-06,18:14:33,2h 15m,4,Bench Press (Barbell),50.0,8,10,0,
2022-12-06,18:14:33,2h 15m,1,Cable Crossover,23.0,12,6.5,0,
2022-12-06,18:14:33,2h 15m,2,Cable Crossover,23.0,9,10,0,
2022-12-06,18:14:33,2h 15m,3,Cable Crossover,18.0,8,,0,
2022-12-06,18:14:33,2h 15m,1,Incline Chest Press (Machine),22.5,10,9,0,
2022-12-06,18:14:33,2h 15m,2,Incline Chest Press (Machine),22.5,8,10,0,
2022-12-06,18:14:33,2h 15m,3,Incline Chest Press (Machine),22.5,10,10,0,
2022-12-06,18:14:33,2h 15m,1,Shoulder Press (Machine),29.0,12,9,0,
2022-12-06,18:14:33,2h 15m,2,Shoulder Press (Machine),29.0,12,9.5,0,
2022-12-06,18:14:33,2h 15m,3,Shoulder Press (Machine),29.0,12,10,0,
2022-12-06,18:14:33,2h 15m,4,Shoulder Press (Machine),29.0,12,10,0,
2022-12-06,18:14:33,2h 15m,1,Lateral Raise (Dumbbell),12.5,12,,0,
2022-12-06,18:14:33,2h 15m,2,Lateral Raise (Dumbbell),12.5,8,9,0,
2022-12-06,18:14:33,2h 15m,3,Lateral Raise (Dumbbell),12.5,10,10,0,
2022-12-06,18:14:33,2h 15m,1,Triceps Pushdown (Cable - Straight Bar),18.0,12,8,0,
2022-12-06,18:14:33,2h 15m,2,Triceps Pushdown (Cable - Straight Bar),23.0,12,8,0,
2022-12-06,18:14:33,2h 15m,3,Triceps Pushdown (Cable - Straight Bar),21.6,12,9.5,0,
2022-12-06,18:14:33,2h 15m,1,Triceps Pushdown (Cable - Straight Bar),18.0,12,8.5,0,
2022-12-06,18:14:33,2h 15m,2,Triceps Pushdown (Cable - Straight Bar),18.0,12,10,0,
2022-12-06,18:14:33,2h 15m,3,Triceps Pushdown (Cable - Straight Bar),18.0,9,10,0,
2022-12-06,18:14:33,2h 15m,1,Heel Touch & Mekik ,0,15,,0,
2022-12-06,18:14:33,2h 15m,2,Heel Touch & Mekik ,0,15,,0,
2022-12-06,18:14:33,2h 15m,3,Heel Touch & Mekik ,0,15,,0,
2022-12-06,18:14:33,2h 15m,1,Running (Treadmill),0,0,,1200,
2022-12-07,18:38:28,1h 33m,1,Leg Press,140.0,8,8,0,
2022-12-07,18:38:28,1h 33m,2,Leg Press,140.0,8,7,0,
2022-12-07,18:38:28,1h 33m,3,Leg Press,140.0,12,9,0,
2022-12-07,18:38:28,1h 33m,4,Leg Press,140.0,12,8,0,
2022-12-07,18:38:28,1h 33m,1,Hip Thrust (Barbell),80.0,12,9.5,0,
2022-12-07,18:38:28,1h 33m,2,Hip Thrust (Barbell),80.0,12,8.5,0,
2022-12-07,18:38:28,1h 33m,3,Hip Thrust (Barbell),80.0,12,9,0,
2022-12-07,18:38:28,1h 33m,1,Dumpbell Split Squat,17.5,10,10,0,
2022-12-07,18:38:28,1h 33m,2,Dumpbell Split Squat,17.5,10,10,0,
2022-12-07,18:38:28,1h 33m,3,Dumpbell Split Squat,17.5,10,,0,
2022-12-07,18:38:28,1h 33m,1,Seated Leg Curl (Machine),50.0,12,,0,
2022-12-07,18:38:28,1h 33m,2,Seated Leg Curl (Machine),57.0,12,,0,
2022-12-07,18:38:28,1h 33m,3,Seated Leg Curl (Machine),57.0,12,8,0,
2022-12-07,18:38:28,1h 33m,1,Leg Extension (Machine),84.0,12,9.5,0,
2022-12-07,18:38:28,1h 33m,2,Leg Extension (Machine),84.0,12,9.5,0,
2022-12-07,18:38:28,1h 33m,3,Leg Extension (Machine),84.0,12,9,0,
2022-12-07,18:38:28,1h 33m,1,Standing Calf Raise (Smith Machine),80.0,15,,0,
2022-12-07,18:38:28,1h 33m,2,Standing Calf Raise (Smith Machine),90.0,15,8,0,
2022-12-07,18:38:28,1h 33m,3,Standing Calf Raise (Smith Machine),90.0,12,10,0,
2022-12-07,18:38:28,1h 33m,1,Elliptical Machine,0,0,,1200,
2022-12-09,20:20:04,1h 38m,1,Warm Up,0,0,,60,
2022-12-09,20:20:04,1h 38m,1,Incline Bench Press (Barbell),50.0,8,,0,
2022-12-09,20:20:04,1h 38m,2,Incline Bench Press (Barbell),50.0,8,9,0,
2022-12-09,20:20:04,1h 38m,3,Incline Bench Press (Barbell),50.0,8,9.5,0,
2022-12-09,20:20:04,1h 38m,1,Cable Crossover,7.9,10,9.5,0,12x3 küçükte 7.9 
2022-12-09,20:20:04,1h 38m,2,Cable Crossover,7.9,9,10,0,
2022-12-09,20:20:04,1h 38m,3,Cable Crossover,5.7,12,8.5,0,
2022-12-09,20:20:04,1h 38m,1,Bent Over Row (Barbell),45.0,12,9.5,0,
2022-12-09,20:20:04,1h 38m,2,Bent Over Row (Barbell),45.0,12,9.5,0,
2022-12-09,20:20:04,1h 38m,3,Bent Over Row (Barbell),45.0,12,8.5,0,
2022-12-09,20:20:04,1h 38m,1,Lat Pulldown (Cable),52.0,12,,0,
2022-12-09,20:20:04,1h 38m,2,Lat Pulldown (Cable),52.0,12,,0,
2022-12-09,20:20:04,1h 38m,3,Lat Pulldown (Cable),52.0,12,,0,
2022-12-09,20:20:04,1h 38m,1,Lateral Raise (Dumbbell),7.5,12,8,0,
2022-12-09,20:20:04,1h 38m,2,Lateral Raise (Dumbbell),10.0,12,9,0,
2022-12-09,20:20:04,1h 38m,3,Lateral Raise (Dumbbell),10.0,12,,0,
2022-12-09,20:20:04,1h 38m,1,Bicep Curl (Barbell),25.0,8,,0,Geniş tut
2022-12-09,20:20:04,1h 38m,2,Bicep Curl (Barbell),25.0,8,,0,
2022-12-09,20:20:04,1h 38m,3,Bicep Curl (Barbell),20.0,12,,0,
2022-12-09,20:20:04,1h 38m,1,Triceps Extension (Cable),19.3,12,,0,
2022-12-09,20:20:04,1h 38m,2,Triceps Extension (Cable),23.6,12,8.5,0,
2022-12-09,20:20:04,1h 38m,3,Triceps Extension (Cable),23.6,12,,0,
2022-12-09,20:20:04,1h 38m,1,Cable Crunch,26.1,15,,0,
2022-12-09,20:20:04,1h 38m,2,Cable Crunch,26.1,15,,0,
2022-12-09,20:20:04,1h 38m,3,Cable Crunch,26.1,20,,0,
2022-12-09,20:20:04,1h 38m,1,Elliptical Machine,0,0,,900,
2022-12-12,20:07:54,2h 33m,1,Lat Pulldown (Cable),52.0,10,,0,
2022-12-12,20:07:54,2h 33m,2,Lat Pulldown (Cable),52.0,10,,0,
2022-12-12,20:07:54,2h 33m,3,Lat Pulldown (Cable),52.0,10,,0,
2022-12-12,20:07:54,2h 33m,4,Lat Pulldown (Cable),52.0,8,10,0,
2022-12-12,20:07:54,2h 33m,1,Iso-Lateral Row (Machine),45.0,8,10,0,
2022-12-12,20:07:54,2h 33m,2,Iso-Lateral Row (Machine),45.0,8,8.5,0,
2022-12-12,20:07:54,2h 33m,3,Iso-Lateral Row (Machine),52.0,8,8,0,
2022-12-12,20:07:54,2h 33m,4,Iso-Lateral Row (Machine),52.0,8,8.5,0,
2022-12-12,20:07:54,2h 33m,1,Reverse Grip Lat Pulldown,52.0,12,8.5,0,
2022-12-12,20:07:54,2h 33m,2,Reverse Grip Lat Pulldown,52.0,8,10,0,
2022-12-12,20:07:54,2h 33m,3,Reverse Grip Lat Pulldown,45.0,12,10,0,
2022-12-12,20:07:54,2h 33m,1,Bent Over One Arm Row (Dumbbell),20.0,12,10,0,
2022-12-12,20:07:54,2h 33m,2,Bent Over One Arm Row (Dumbbell),20.0,12,,0,
2022-12-12,20:07:54,2h 33m,3,Bent Over One Arm Row (Dumbbell),20.0,12,8.5,0,
2022-12-12,20:07:54,2h 33m,1,Straight Arm Pulldown,28.0,12,8,0,
2022-12-12,20:07:54,2h 33m,2,Straight Arm Pulldown,36.0,12,10,0,
2022-12-12,20:07:54,2h 33m,3,Straight Arm Pulldown,36.0,9,10,0,
2022-12-12,20:07:54,2h 33m,1,Dumpbell Bentover Rear Lat Raise,7.5,12,9,0,
2022-12-12,20:07:54,2h 33m,2,Dumpbell Bentover Rear Lat Raise,10.0,12,8.5,0,
2022-12-12,20:07:54,2h 33m,3,Dumpbell Bentover Rear Lat Raise,10.0,12,8.5,0,
2022-12-12,20:07:54,2h 33m,1,Hammer Curl (Cable),15.0,12,9,0,
2022-12-12,20:07:54,2h 33m,2,Hammer Curl (Cable),15.0,12,,0,
2022-12-12,20:07:54,2h 33m,3,Hammer Curl (Cable),15.0,12,,0,
2022-12-12,20:07:54,2h 33m,1,Preacher Curl (Barbell),35.0,8,8,0,
2022-12-12,20:07:54,2h 33m,2,Preacher Curl (Barbell),35.0,9,10,0,
2022-12-12,20:07:54,2h 33m,3,Preacher Curl (Barbell),35.0,9,10,0,
2022-12-12,20:07:54,2h 33m,4,Preacher Curl (Barbell),35.0,8,10,0,
2022-12-12,20:07:54,2h 33m,1,Heel Touch & Mekik ,0,15,,0,
2022-12-12,20:07:54,2h 33m,2,Heel Touch & Mekik ,0,15,9.5,0,
2022-12-12,20:07:54,2h 33m,3,Heel Touch & Mekik ,0,15,,0,
2022-12-12,20:07:54,2h 33m,1,Russian Twist,0,15,,0,
2022-12-12,20:07:54,2h 33m,2,Russian Twist,0,15,,0,
2022-12-12,20:07:54,2h 33m,3,Russian Twist,0,15,7.5,0,
2022-12-12,20:07:54,2h 33m,1,Reaching Crunch ,1.0,15,,0,
2022-12-12,20:07:54,2h 33m,2,Reaching Crunch ,1.0,15,,0,
2022-12-12,20:07:54,2h 33m,3,Reaching Crunch ,1.0,15,10,0,
2022-12-13,21:45:41,91h 2m,1,Leg Press,140.0,8,8,0,
2022-12-13,21:45:41,91h 2m,2,Leg Press,160.0,8,7,0,
2022-12-13,21:45:41,91h 2m,3,Leg Press,160.0,12,9,0,
2022-12-13,21:45:41,91h 2m,4,Leg Press,160.0,12,8,0,
2022-12-13,21:45:41,91h 2m,1,Hip Thrust (Barbell),100.0,12,9.5,0,
2022-12-13,21:45:41,91h 2m,2,Hip Thrust (Barbell),100.0,12,8.5,0,
2022-12-13,21:45:41,91h 2m,3,Hip Thrust (Barbell),100.0,12,9,0,
2022-12-13,21:45:41,91h 2m,1,Dumpbell Split Squat,17.5,10,10,0,
2022-12-13,21:45:41,91h 2m,2,Dumpbell Split Squat,17.5,10,10,0,
2022-12-13,21:45:41,91h 2m,3,Dumpbell Split Squat,17.5,10,,0,
2022-12-13,21:45:41,91h 2m,1,Seated Leg Curl (Machine),50.0,12,,0,
2022-12-13,21:45:41,91h 2m,2,Seated Leg Curl (Machine),50.0,12,,0,
2022-12-13,21:45:41,91h 2m,3,Seated Leg Curl (Machine),50.0,12,8,0,
2022-12-13,21:45:41,91h 2m,1,Leg Extension (Machine),84.0,12,9.5,0,
2022-12-13,21:45:41,91h 2m,2,Leg Extension (Machine),84.0,12,9.5,0,
2022-12-13,21:45:41,91h 2m,3,Leg Extension (Machine),84.0,12,9,0,
2022-12-13,21:45:41,91h 2m,1,Elliptical Machine,0,0,,1200,
2022-12-17,16:48:45,52h 31m,1,Bench Press (Barbell),50.0,10,9.5,0,
2022-12-17,16:48:45,52h 31m,2,Bench Press (Barbell),50.0,10,8.5,0,
2022-12-17,16:48:45,52h 31m,3,Bench Press (Barbell),50.0,7,9.5,0,
2022-12-17,16:48:45,52h 31m,4,Bench Press (Barbell),50.0,6,10,0,
2022-12-17,16:48:45,52h 31m,5,Bench Press (Barbell),50.0,6,10,0,
2022-12-17,16:48:45,52h 31m,1,Cable Crossover,18.0,10,6.5,0,
2022-12-17,16:48:45,52h 31m,2,Cable Crossover,18.0,9,10,0,
2022-12-17,16:48:45,52h 31m,3,Cable Crossover,18.0,8,,0,
2022-12-17,16:48:45,52h 31m,1,Incline Chest Press (Machine),22.5,8,10,0,
2022-12-17,16:48:45,52h 31m,2,Incline Chest Press (Machine),20.0,9,10,0,
2022-12-17,16:48:45,52h 31m,3,Incline Chest Press (Machine),22.5,10,10,0,
2022-12-17,16:48:45,52h 31m,1,Shoulder Press (Machine),29.0,11,10,0,
2022-12-17,16:48:45,52h 31m,2,Shoulder Press (Machine),29.0,9,10,0,
2022-12-17,16:48:45,52h 31m,3,Shoulder Press (Machine),29.0,9,10,0,
2022-12-17,16:48:45,52h 31m,4,Shoulder Press (Machine),29.0,10,10,0,
2022-12-17,16:48:45,52h 31m,1,Lateral Raise (Dumbbell),10.0,12,,0,
2022-12-17,16:48:45,52h 31m,2,Lateral Raise (Dumbbell),10.0,12,9,0,
2022-12-17,16:48:45,52h 31m,3,Lateral Raise (Dumbbell),10.0,12,10,0,
2022-12-17,16:48:45,52h 31m,1,Triceps Pushdown (Cable - Straight Bar),18.0,12,8,0,
2022-12-17,16:48:45,52h 31m,2,Triceps Pushdown (Cable - Straight Bar),18.0,12,10,0,
2022-12-17,16:48:45,52h 31m,3,Triceps Pushdown (Cable - Straight Bar),21.6,12,9.5,0,
2022-12-17,16:48:45,52h 31m,1,Triceps Pushdown (Cable - Straight Bar),18.0,12,8.5,0,
2022-12-17,16:48:45,52h 31m,2,Triceps Pushdown (Cable - Straight Bar),18.0,12,10,0,
2022-12-17,16:48:45,52h 31m,3,Triceps Pushdown (Cable - Straight Bar),18.0,9,10,0,
2022-12-17,16:48:45,52h 31m,1,Heel Touch & Mekik ,0,15,,0,
2022-12-17,16:48:45,52h 31m,2,Heel Touch & Mekik ,0,15,,0,
2022-12-17,16:48:45,52h 31m,3,Heel Touch & Mekik ,0,15,,0,
2022-12-17,16:48:45,52h 31m,1,Running (Treadmill),0,0,,1200,
2022-12-19,21:20:49,1h 41m,1,Warm Up,0,0,,60,
2022-12-19,21:20:49,1h 41m,1,Incline Bench Press (Barbell),50.0,8,,0,
2022-12-19,21:20:49,1h 41m,2,Incline Bench Press (Barbell),50.0,8,9,0,
2022-12-19,21:20:49,1h 41m,3,Incline Bench Press (Barbell),50.0,8,9.5,0,
2022-12-19,21:20:49,1h 41m,1,Cable Crossover,14.0,12,8.5,0,
2022-12-19,21:20:49,1h 41m,2,Cable Crossover,14.0,12,8.5,0,
2022-12-19,21:20:49,1h 41m,3,Cable Crossover,14.0,12,8.5,0,
2022-12-19,21:20:49,1h 41m,1,Bent Over Row (Barbell),50.0,8,9.5,0,
2022-12-19,21:20:49,1h 41m,2,Bent Over Row (Barbell),50.0,8,9.5,0,
2022-12-19,21:20:49,1h 41m,3,Bent Over Row (Barbell),50.0,8,8.5,0,
2022-12-19,21:20:49,1h 41m,1,Lat Pulldown (Cable),52.0,12,,0,
2022-12-19,21:20:49,1h 41m,2,Lat Pulldown (Cable),52.0,12,,0,
2022-12-19,21:20:49,1h 41m,3,Lat Pulldown (Cable),52.0,12,,0,
2022-12-19,21:20:49,1h 41m,1,Lateral Raise (Dumbbell),10.0,12,8,0,
2022-12-19,21:20:49,1h 41m,2,Lateral Raise (Dumbbell),10.0,12,9,0,
2022-12-19,21:20:49,1h 41m,3,Lateral Raise (Dumbbell),10.0,12,,0,
2022-12-19,21:20:49,1h 41m,1,Bicep Curl (Barbell),30.0,8,8.5,0,
2022-12-19,21:20:49,1h 41m,2,Bicep Curl (Barbell),35.0,7,10,0,
2022-12-19,21:20:49,1h 41m,3,Bicep Curl (Barbell),35.0,7,10,0,
2022-12-19,21:20:49,1h 41m,1,Triceps Extension (Cable),21.6,12,8,0,
2022-12-19,21:20:49,1h 41m,2,Triceps Extension (Cable),23.6,12,8.5,0,
2022-12-19,21:20:49,1h 41m,3,Triceps Extension (Cable),23.6,12,,0,
2022-12-19,21:20:49,1h 41m,1,Cable Crunch,28.4,15,,0,
2022-12-19,21:20:49,1h 41m,2,Cable Crunch,28.4,15,,0,
2022-12-19,21:20:49,1h 41m,3,Cable Crunch,28.4,20,,0,
2022-12-19,21:20:49,1h 41m,1,Elliptical Machine,0,0,,900,
2022-12-20,22:19:54,1h 6m,1,Leg Press,140.0,8,8,0,
2022-12-20,22:19:54,1h 6m,2,Leg Press,140.0,8,7,0,
2022-12-20,22:19:54,1h 6m,3,Leg Press,140.0,12,9,0,
2022-12-20,22:19:54,1h 6m,4,Leg Press,140.0,12,8,0,
2022-12-20,22:19:54,1h 6m,1,Hip Thrust (Barbell),100.0,12,9.5,0,
2022-12-20,22:19:54,1h 6m,2,Hip Thrust (Barbell),100.0,12,8.5,0,
2022-12-20,22:19:54,1h 6m,3,Hip Thrust (Barbell),100.0,12,9,0,
2022-12-20,22:19:54,1h 6m,1,Dumpbell Split Squat,17.5,10,8,0,
2022-12-20,22:19:54,1h 6m,2,Dumpbell Split Squat,17.5,10,10,0,
2022-12-20,22:19:54,1h 6m,3,Dumpbell Split Squat,17.5,10,10,0,
2022-12-20,22:19:54,1h 6m,1,Seated Leg Curl (Machine),57.0,12,,0,
2022-12-20,22:19:54,1h 6m,2,Seated Leg Curl (Machine),57.0,12,,0,
2022-12-20,22:19:54,1h 6m,3,Seated Leg Curl (Machine),57.0,12,8,0,
2022-12-20,22:19:54,1h 6m,1,Leg Extension (Machine),90.0,9,10,0,
2022-12-20,22:19:54,1h 6m,2,Leg Extension (Machine),84.0,12,9.5,0,
2022-12-20,22:19:54,1h 6m,3,Leg Extension (Machine),84.0,12,9,0,